DRUGBANK_ID,Drug_Number,SMILES
DB01110,0,Clc1ccc(COC(Cn2ccnc2)c2ccc(Cl)cc2Cl)c(Cl)c1
DB01234,1,C[C@@H]1C[C@H]2[C@@H]3CCC4=CC(=O)C=C[C@]4(C)[C@@]3(F)[C@@H](O)C[C@]2(C)[C@@]1(O)C(=O)CO
DB08814,2,CC(=O)Oc1cc(C(F)(F)F)ccc1C(=O)O
DB00661,3,COc1ccc(CCN(C)CCCC(C#N)(c2ccc(OC)c(OC)c2)C(C)C)cc1OC
DB00909,4,NS(=O)(=O)Cc1noc2ccccc12
DB04841,5,Fc1ccc(C(c2ccc(F)cc2)N2CCN(C/C=C/c3ccccc3)CC2)cc1
DB00201,6,Cn1c(=O)c2c(ncn2C)n(C)c1=O
DB00277,7,Cn1c(=O)c2[nH]cnc2n(C)c1=O
DB00640,8,Nc1ncnc2c1ncn2[C@@H]1O[C@H](CO)[C@@H](O)[C@H]1O
DB00651,9,Cn1c(=O)c2c(ncn2CC(O)CO)n(C)c1=O
DB00996,10,NCC1(CC(=O)O)CCCCC1
DB01223,11,Cn1c(=O)c2[nH]cnc2n(C)c1=O.Cn1c(=O)c2[nH]cnc2n(C)c1=O.NCCN
DB01412,12,Cn1cnc2c1c(=O)[nH]c(=O)n2C
DB00619,13,Cc1ccc(NC(=O)c2ccc(CN3CCN(C)CC3)cc2)cc1Nc1nccc(-c2cccnc2)n1
DB01254,14,Cc1nc(Nc2ncc(C(=O)Nc3c(C)cccc3Cl)s2)cc(N2CCN(CCO)CC2)n1
DB04868,15,Cc1cn(-c2cc(NC(=O)c3ccc(C)c(Nc4nccc(-c5cccnc5)n4)c3)cc(C(F)(F)F)c2)cn1
DB00244,16,Nc1ccc(O)c(C(=O)O)c1
DB00316,17,CC(=O)Nc1ccc(O)cc1
DB00328,18,COc1ccc2c(c1)c(CC(=O)O)c(C)n2C(=O)c1ccc(Cl)cc1
DB00350,19,Nc1cc(N2CCCCC2)nc(N)[n+]1[O-]
DB00461,20,COc1ccc2cc(CCC(C)=O)ccc2c1
DB00465,21,O=C(c1ccccc1)c1ccc2n1CCC2C(=O)O
DB00469,22,CN1C(C(=O)Nc2ccccn2)=C(O)c2sccc2S1(=O)=O
DB00500,23,Cc1ccc(C(=O)c2ccc(CC(=O)O)n2C)cc1
DB00554,24,CN1C(C(=O)Nc2ccccn2)=C(O)c2ccccc2S1(=O)=O
DB00586,25,O=C(O)Cc1ccccc1Nc1c(Cl)cccc1Cl
DB00605,26,CC1=C(CC(=O)O)c2cc(F)ccc2/C1=C\c1ccc(S(C)=O)cc1
DB00712,27,CC(C(=O)O)c1ccc(-c2ccccc2)c(F)c1
DB00749,28,CCc1cccc2c3c([nH]c12)C(CC)(CC(=O)O)OCC3
DB00784,29,Cc1cccc(Nc2ccccc2C(=O)O)c1C
DB00788,30,COc1ccc2cc([C@H](C)C(=O)O)ccc2c1
DB00795,31,O=C(O)c1cc(/N=N/c2ccc(S(=O)(=O)Nc3ccccn3)cc2)ccc1O
DB00812,32,CCCCC1C(=O)N(c2ccccc2)N(c2ccccc2)C1=O
DB00814,33,Cc1cnc(NC(=O)C2=C(O)c3ccccc3S(=O)(=O)N2C)s1
DB00821,34,CC(C(=O)O)c1ccc2c(c1)[nH]c1ccc(Cl)cc12
DB00870,35,CC(C(=O)O)c1ccc(C(=O)c2cccs2)cc1
DB00945,36,CC(=O)Oc1ccccc1C(=O)O
DB00963,37,Nc1c(CC(=O)O)cccc1C(=O)c1ccc(Br)cc1
DB00991,38,O=C(O)CCc1nc(-c2ccccc2)c(-c2ccccc2)o1
DB01009,39,CC(C(=O)O)c1cccc(C(=O)c2ccccc2)c1
DB01014,40,O=C(O)CCNC(=O)c1ccc(/N=N/c2ccc(O)c(C(=O)O)c2)cc1
DB01050,41,CC(C)Cc1ccc(C(C)C(=O)O)cc1
DB01283,42,Cc1ccc(Nc2c(F)cccc2Cl)c(CC(=O)O)c1
DB01399,43,O=C(Oc1ccccc1C(=O)O)c1ccccc1O
DB01435,44,Cc1cc(=O)n(-c2ccccc2)n1C
DB02266,45,O=C(O)c1ccccc1Nc1cccc(C(F)(F)F)c1
DB02709,46,Oc1ccc(/C=C/c2cc(O)cc(O)c2)cc1
DB04552,47,O=C(O)c1cccnc1Nc1cccc(C(F)(F)F)c1
DB06725,48,CN1C(C(=O)Nc2ccccn2)=C(O)c2sc(Cl)cc2S1(=O)=O
DB06802,49,NC(=O)Cc1cccc(C(=O)c2ccccc2)c1N
DB00246,50,O=C1Cc2cc(CCN3CCN(c4nsc5ccccc45)CC3)c(Cl)cc2N1
DB00268,51,CCCN(CCC)CCc1cccc2c1CC(=O)N2
DB00334,52,Cc1cc2c(s1)Nc1ccccc1N=C2N1CCN(C)CC1
DB00363,53,CN1CCN(C2=Nc3cc(Cl)ccc3Nc3ccccc32)CC1
DB00408,54,CN1CCN(C2=Nc3ccccc3Oc3ccc(Cl)cc32)CC1
DB00413,55,CCCN[C@H]1CCc2nc(N)sc2C1
DB00477,56,CN(C)CCCN1c2ccccc2Sc2ccc(Cl)cc21
DB00502,57,O=C(CCCN1CCC(O)(c2ccc(Cl)cc2)CC1)c1ccc(F)cc1
DB00543,58,Clc1ccc2c(c1)C(N1CCNCC1)=Nc1ccccc1O2
DB00623,59,OCCN1CCN(CCCN2c3ccccc3Sc3ccc(C(F)(F)F)cc32)CC1
DB00679,60,CSc1ccc2c(c1)N(CCC1CCCCN1C)c1ccccc1S2
DB00734,61,Cc1nc2n(c(=O)c1CCN1CCC(c3noc4cc(F)ccc34)CC1)CCCC2
DB00800,62,Oc1ccc(C2CNCCc3c2cc(O)c(O)c3Cl)cc1
DB00988,63,NCCc1ccc(O)c(O)c1
DB01186,64,CCCN1C[C@H](CSC)C[C@@H]2c3cccc4[nH]cc(c34)C[C@H]21
DB01224,65,OCCOCCN1CCN(C2=Nc3ccccc3Sc3ccccc32)CC1
DB01235,66,N[C@@H](Cc1ccc(O)c(O)c1)C(=O)O
DB01238,67,O=C1CCc2ccc(OCCCCN3CCN(c4cccc(Cl)c4Cl)CC3)cc2N1
DB01239,68,CN(C)CC/C=C1/c2ccccc2Sc2ccc(Cl)cc21
DB01099,69,Nc1nc(=O)[nH]cc1F
DB00398,70,CNC(=O)c1cc(Oc2ccc(NC(=O)Nc3ccc(Cl)c(C(F)(F)F)c3)cc2)ccn1
DB01268,71,CCN(CC)CCNC(=O)c1c(C)[nH]c(/C=C2\C(=O)Nc3ccc(F)cc32)c1C
DB00384,72,Nc1nc(N)c2nc(-c3ccccc3)c(N)nc2n1
DB00594,73,N=C(N)NC(=O)c1nc(Cl)c(N)nc1N
DB01229,74,CC(=O)O[C@H]1C(=O)[C@]2(C)[C@@H](O)C[C@H]3OC[C@@]3(OC(C)=O)[C@H]2[C@H](OC(=O)c2ccccc2)[C@]2(O)C[C@H](OC(=O)[C@H](O)[C@@H](NC(=O)c3ccccc3)c3ccccc3)C(C)=C1C2(C)C
DB01248,75,CC(=O)O[C@@]12CO[C@@H]1C[C@H](O)[C@@]1(C)C(=O)[C@H](O)C3=C(C)[C@@H](OC(=O)[C@H](O)[C@@H](NC(=O)OC(C)(C)C)c4ccccc4)C[C@@](O)([C@@H](OC(=O)c4ccccc4)[C@@H]12)C3(C)C
DB01394,76,COc1cc2c(c(OC)c1OC)-c1ccc(OC)c(=O)cc1[C@@H](NC(C)=O)CC2
DB03010,77,C/C(=C\c1csc(C)n1)[C@@H]1C[C@@H]2O[C@]2(C)CCC[C@H](C)[C@H](O)[C@@H](C)C(=O)C(C)(C)[C@@H](O)CC(=O)O1
DB06772,78,CO[C@H]1C[C@H]2OC[C@@]2(OC(C)=O)[C@H]2[C@H](OC(=O)c3ccccc3)[C@]3(O)C[C@H](OC(=O)[C@H](O)[C@@H](NC(=O)OC(C)(C)C)c4ccccc4)C(C)=C([C@@H](OC)C(=O)[C@]12C)C3(C)C
DB00165,79,Cc1ncc(CO)c(CO)c1O
DB00559,80,COc1ccccc1Oc1c(NS(=O)(=O)c2ccc(C(C)(C)C)cc2)nc(-c2ncccn2)nc1OCCO
DB06268,81,Cc1cc2c(cc1CC(=O)c1sccc1S(=O)(=O)Nc1onc(C)c1Cl)OCO2
DB00321,82,CN(C)CCC=C1c2ccccc2CCc2ccccc21
DB00332,83,CC(C)[N+]1(C)[C@H]2CC[C@@H]1C[C@H](OC(=O)C(CO)c1ccccc1)C2
DB00342,84,CC(C)(C)c1ccc(C(O)CCCN2CCC(C(O)(c3ccccc3)c3ccccc3)CC2)cc1
DB00387,85,OC(CCN1CCCC1)(c1ccccc1)C1CCCCC1
DB00424,86,CN1[C@H]2CC[C@@H]1C[C@H](OC(=O)[C@H](CO)c1ccccc1)C2
DB00434,87,CN1CCC(=C2c3ccccc3C=Cc3ccccc32)CC1
DB00458,88,CN(C)CCCN1c2ccccc2CCc2ccccc21
DB00462,89,C[N+]1(C)[C@H]2C[C@H](OC(=O)[C@H](CO)c3ccccc3)C[C@@H]1[C@H]1O[C@@H]21.[Br-]
DB00496,90,NC(=O)C(c1ccccc1)(c1ccccc1)[C@@H]1CCN(CCc2ccc3c(c2)CCO3)C1
DB00517,91,CCCC(CCC)C(=O)OC1CC2CCC(C1)[N+]2(C)C.[Br-]
DB00572,92,CN1[C@H]2CC[C@@H]1C[C@H](OC(=O)C(CO)c1ccccc1)C2
DB00622,93,COC(=O)C1=C(C)NC(C)=C(C(=O)OCCN(C)Cc2ccccc2)C1c1cccc([N+](=O)[O-])c1
DB00715,94,Fc1ccc([C@@H]2CCNC[C@H]2COc2ccc3c(c2)OCO3)cc1
DB00747,95,CN1[C@H]2C[C@H](OC(=O)[C@H](CO)c3ccccc3)C[C@@H]1[C@H]1O[C@@H]21
DB00809,96,CCN(Cc1ccncc1)C(=O)C(CO)c1ccccc1
DB00934,97,CNCCCC12CCC(c3ccccc31)c1ccccc12
DB01036,98,Cc1ccc(O)c([C@H](CCN(C(C)C)C(C)C)c2ccccc2)c1
DB01062,99,CCN(CC)CC#CCOC(=O)C(O)(c1ccccc1)C1CCCCC1
DB01085,100,CC[C@@H]1C(=O)OC[C@@H]1Cc1cncn1C
DB01337,101,CC(=O)O[C@H]1C[C@@H]2CC[C@@H]3[C@H](CC[C@@]4(C)[C@H]3C[C@H]([N+]3(C)CCCCC3)[C@@H]4OC(C)=O)[C@@]2(C)C[C@@H]1[N+]1(C)CCCCC1
DB01409,102,C[N+]1(C)[C@H]2C[C@H](OC(=O)C(O)(c3cccs3)c3cccs3)C[C@@H]1[C@H]1O[C@@H]21
DB01591,103,O=C(O[C@H]1CN2CCC1CC2)N1CCc2ccccc2[C@@H]1c1ccccc1
DB04843,104,C[N+]1(C)CCCC(OC(=O)C(O)(c2ccccc2)c2ccccc2)C1
DB06702,105,CC(C)C(=O)Oc1ccc(CO)cc1[C@H](CCN(C(C)C)C(C)C)c1ccccc1
DB00170,106,CC1=CC(=O)c2ccccc2C1=O
DB00278,107,CC1CNc2c(cccc2S(=O)(=O)N[C@@H](CCCNC(=N)N)C(=O)N2CC[C@@H](C)C[C@@H]2C(=O)O)C1
DB04786,108,Cc1ccc(C(=O)Nc2ccc(S(=O)(=O)O)c3cc(S(=O)(=O)O)cc(S(=O)(=O)O)c23)cc1NC(=O)c1cccc(NC(=O)Nc2cccc(C(=O)Nc3cc(C(=O)Nc4ccc(S(=O)(=O)O)c5cc(S(=O)(=O)O)cc(S(=O)(=O)O)c45)ccc3C)c2)c1
DB04898,109,CCOC(=O)CN[C@@H](C(=O)N1CC[C@H]1C(=O)NCc1ccc(/C(N)=N/O)cc1)C1CCCCC1
DB06695,110,CCCCCCOC(=O)/N=C(/N)c1ccc(NCc2nc3cc(C(=O)N(CCC(=O)OCC)c4ccccn4)ccc3n2C)cc1
DB00145,111,NCC(=O)O
DB01108,112,C[C@]12CC[C@H]3[C@@H](CC[C@@]45O[C@@H]4C(O)=C(C#N)C[C@]35C)[C@@H]1CC[C@@H]2O
DB00126,113,O=C1O[C@H]([C@@H](O)CO)C(O)=C1O
DB01275,114,NNc1nncc2ccccc12
DB06155,115,Cc1c(C(=O)NN2CCCCC2)nn(-c2ccc(Cl)cc2Cl)c1-c1ccc(Cl)cc1
DB00177,116,CCCCC(=O)N(Cc1ccc(-c2ccccc2-c2nn[nH]n2)cc1)[C@H](C(=O)O)C(C)C
DB00275,117,CCCc1nc(C(C)(C)O)c(C(=O)O)n1Cc1ccc(-c2ccccc2-c2nnn[nH]2)cc1
DB00796,118,CCOc1nc2cccc(C(=O)OC(C)OC(=O)OC3CCCCC3)c2n1Cc1ccc(-c2ccccc2-c2nnn[nH]2)cc1
DB00876,119,CCCCc1ncc(/C=C(\Cc2cccs2)C(=O)O)n1Cc1ccc(C(=O)O)cc1
DB00966,120,CCCc1nc2c(C)cc(-c3nc4ccccc4n3C)cc2n1Cc1ccc(-c2ccccc2C(=O)O)cc1
DB01029,121,CCCCC1=NC2(CCCC2)C(=O)N1Cc1ccc(-c2ccccc2-c2nn[nH]n2)cc1
DB00297,122,CCCCN1CCCCC1C(=O)Nc1c(C)cccc1C
DB00770,123,CCCCC[C@H](O)/C=C/[C@H]1[C@H](O)CC(=O)[C@@H]1CCCCCCC(=O)O
DB00905,124,CCNC(=O)CCC/C=C\C[C@H]1[C@@H](O)C[C@@H](O)[C@@H]1/C=C/[C@@H](O)CCc1ccccc1
DB00917,125,CCCCC[C@H](O)/C=C/[C@H]1[C@H](O)CC(=O)[C@@H]1C/C=C\CCCC(=O)O
DB00636,126,CCOC(=O)C(C)(C)Oc1ccc(Cl)cc1
DB01039,127,CC(C)OC(=O)C(C)(C)Oc1ccc(C(=O)c2ccc(Cl)cc2)cc1
DB01241,128,Cc1ccc(C)c(OCCCC(C)(C)C(=O)O)c1
DB01393,129,CC(C)(Oc1ccc(CCNC(=O)c2ccc(Cl)cc2)cc1)C(=O)O
DB00121,130,O=C(O)CCCC[C@@H]1SC[C@@H]2NC(=O)N[C@H]12
DB00755,131,CC1=C(/C=C/C(C)=C/C=C/C(C)=C/C(=O)O)C(C)(C)CCC1
DB00993,132,Cn1cnc([N+](=O)[O-])c1Sc1ncnc2nc[nH]c12
DB01033,133,S=c1nc[nH]c2nc[nH]c12
DB00210,134,COc1ccc(-c2ccc3cc(C(=O)O)ccc3c2)cc1C12CC3CC(CC(C3)C1)C2
DB00307,135,C=C(c1ccc(C(=O)O)cc1)c1cc2c(cc1C)C(C)(C)CCC2(C)C
DB00459,136,COc1cc(C)c(/C=C/C(C)=C/C=C/C(C)=C/C(=O)O)c(C)c1C
DB00799,137,CCOC(=O)c1ccc(C#Cc2ccc3c(c2)C(C)(C)CCS3)nc1
DB01941,138,Cc1cc2c(cc1C1(c3ccc(C(=O)O)cn3)CC1)C(C)(C)CCC2(C)C
DB00904,139,Cc1nccn1CC1CCc2c(c3ccccc3n2C)C1=O
DB01079,140,CCCCCNC(=N)N/N=C/c1c[nH]c2ccc(OC)cc12
DB00204,141,CN(CCOc1ccc(NS(C)(=O)=O)cc1)CCc1ccc(NS(C)(=O)=O)cc1
DB00308,142,CCCCCCCN(CC)CCCC(O)c1ccc(NS(C)(=O)=O)cc1
DB00457,143,COc1cc2nc(N3CCN(C(=O)c4ccco4)CC3)nc(N)c2cc1OC
DB00489,144,CC(C)NCC(O)c1ccc(NS(C)(=O)=O)cc1
DB00590,145,COc1cc2nc(N3CCN(C(=O)C4COc5ccccc5O4)CC3)nc(N)c2cc1OC
DB00908,146,C=C[C@H]1CN2CC[C@H]1C[C@@H]2[C@@H](O)c1ccnc2ccc(OC)cc12
DB01118,147,CCCCc1oc2ccccc2c1C(=O)c1cc(I)c(OCCN(CC)CC)c(I)c1
DB01136,148,COc1ccccc1OCCNCC(O)COc1cccc2[nH]c3ccccc3c12
DB01162,149,COc1cc2nc(N3CCN(C(=O)C4CCCO4)CC3)nc(N)c2cc1OC
DB01182,150,CCCNCC(O)COc1ccccc1C(=O)CCc1ccccc1
DB01218,151,CCCCN(CCCC)CCC(O)c1cc2c(Cl)cc(Cl)cc2c2cc(C(F)(F)F)ccc12
DB00762,152,CCc1c2c(nc3ccc(OC(=O)N4CCC(N5CCCCC5)CC4)cc13)-c1cc3c(c(=O)n1C2)COC(=O)[C@]3(O)CC
DB01030,153,CC[C@@]1(O)C(=O)OCc2c1cc1n(c2=O)Cc2cc3c(CN(C)C)c(O)ccc3nc2-1
DB00245,154,CN1[C@H]2CC[C@@H]1C[C@H](OC(c1ccccc1)c1ccccc1)C2
DB00366,155,CN(C)CCOC(C)(c1ccccc1)c1ccccn1
DB00804,156,CCN(CC)CCOC(=O)C1(C2CCCCC2)CCCCC1
DB00810,157,OC(CCN1CCCCC1)(c1ccccc1)C1CC2C=CC1C2
DB01148,158,Cc1c(-c2ccccc2)oc2c(C(=O)OCCN3CCCCC3)cccc2c1=O
DB01175,159,CN(C)CCC[C@@]1(c2ccc(F)cc2)OCc2cc(C#N)ccc21
DB04365,160,COC(=O)C1=CCCN(C)C1
DB03754,161,NC(CO)(CO)CO
DB00973,162,O=C1[C@H](CC[C@H](O)c2ccc(F)cc2)[C@@H](c2ccc(O)cc2)N1c1ccc(F)cc1
DB01094,163,COc1ccc([C@@H]2CC(=O)c3c(O)cc(O)cc3O2)cc1O
DB00208,164,Clc1ccccc1CN1CCc2sccc2C1
DB06209,165,CC(=O)Oc1cc2c(s1)CCN(C(C(=O)C1CC1)c1ccccc1F)C2
DB08816,166,CCCSc1nc(N[C@@H]2C[C@H]2c2ccc(F)c(F)c2)c2nnn([C@@H]3C[C@H](OCCO)[C@@H](O)[C@H]3O)c2n1
DB00501,167,CN/C(=N/C#N)NCCSCc1nc[nH]c1C
DB00585,168,CNC(=C[N+](=O)[O-])NCCSCc1csc(CN(C)C)n1
DB00751,169,NC1=NCC2c3ccccc3Cc3ccccc3N12
DB00863,170,CNC(=C[N+](=O)[O-])NCCSCc1ccc(CN(C)C)o1
DB00927,171,NC(N)=Nc1nc(CSCCC(N)=NS(N)(=O)=O)cs1
DB00987,172,Nc1ccn([C@@H]2O[C@H](CO)[C@@H](O)[C@@H]2O)c(=O)n1
DB00173,173,Nc1ncnc2nc[nH]c12
DB01016,174,COc1ccc(Cl)cc1C(=O)NCCc1ccc(S(=O)(=O)NC(=O)NC2CCCCC2)cc1
DB01599,175,CC(C)(Sc1cc(C(C)(C)C)c(O)c(C(C)(C)C)c1)Sc1cc(C(C)(C)C)c(O)c(C(C)(C)C)c1
DB00255,176,CC/C(=C(/CC)c1ccc(O)cc1)c1ccc(O)cc1
DB00367,177,C#C[C@]1(O)CC[C@H]2[C@@H]3CCC4=CC(=O)CC[C@@H]4[C@H]3CC[C@@]21CC
DB00396,178,CC(=O)[C@H]1CC[C@H]2[C@@H]3CCC4=CC(=O)CC[C@]4(C)[C@H]3CC[C@]12C
DB00481,179,O=C(c1ccc(OCCN2CCCCC2)cc1)c1c(-c2ccc(O)cc2)sc2cc(O)ccc12
DB00539,180,CN(C)CCOc1ccc(/C(=C(/CCCl)c2ccccc2)c2ccccc2)cc1
DB00603,181,CC(=O)O[C@]1(C(C)=O)CC[C@H]2[C@@H]3C[C@H](C)C4=CC(=O)CC[C@]4(C)[C@H]3CC[C@@]21C
DB00655,182,C[C@]12CC[C@@H]3c4ccc(O)cc4CC[C@H]3[C@@H]1CCC2=O
DB00675,183,CC/C(=C(\c1ccccc1)c1ccc(OCCN(C)C)cc1)c1ccccc1
DB00783,184,C[C@]12CC[C@@H]3c4ccc(O)cc4CC[C@H]3[C@@H]1CC[C@@H]2O
DB00823,185,C#C[C@]1(OC(C)=O)CC[C@H]2[C@@H]3CCC4=C[C@@H](OC(C)=O)CC[C@@H]4[C@H]3CC[C@@]21C
DB00882,186,CCN(CC)CCOc1ccc(C(=C(Cl)c2ccccc2)c2ccccc2)cc1
DB00890,187,C/C=C(C(=C/C)/c1ccc(O)cc1)\c1ccc(O)cc1
DB00947,188,C[C@]12CC[C@@H]3c4ccc(O)cc4C[C@@H](CCCCCCCCCS(=O)CCCC(F)(F)C(F)(F)F)[C@H]3[C@@H]1CC[C@@H]2O
DB00977,189,C#C[C@]1(O)CC[C@H]2[C@@H]3CCc4cc(O)ccc4[C@H]3CC[C@@]21C
DB01065,190,COc1ccc2[nH]cc(CCNC(C)=O)c2c1
DB01183,191,C=CCN1CC[C@]23c4c5ccc(O)c4O[C@H]2C(=O)CC[C@@]3(O)[C@H]1C5
DB01196,192,C[C@]12CC[C@@H]3c4ccc(OC(=O)N(CCCl)CCCl)cc4CC[C@H]3[C@@H]1CC[C@@H]2O
DB01357,193,C#C[C@]1(O)CC[C@H]2[C@@H]3CCc4cc(OC)ccc4[C@H]3CC[C@@]21C
DB01645,194,O=c1c(-c2ccc(O)cc2)coc2cc(O)cc(O)c12
DB04573,195,C[C@]12CC[C@@H]3c4ccc(O)cc4CC[C@H]3[C@@H]1C[C@@H](O)[C@@H]2O
DB07933,196,Oc1ccc([C@@H]2Oc3ccc(O)cc3[C@@H]3CCC[C@@H]32)cc1
DB01025,197,CC(C)c1ccc2oc3nc(N)c(C(=O)O)cc3c(=O)c2c1
DB07931,198,CC[C@H](c1ccc(O)cc1)[C@@H](CC)c1ccc(O)cc1
DB00358,199,OC(c1cc(C(F)(F)F)nc2c(C(F)(F)F)cccc12)C1CCCCN1
DB08486,200,Cc1cc(C)cc(NC(=O)Cc2ccc(OC(C)(C)C(=O)O)cc2)c1
DB00421,201,CC(=O)S[C@@H]1CC2=CC(=O)CC[C@]2(C)[C@H]2CC[C@@]3(C)[C@@H](CC[C@@]34CCC(=O)O4)[C@@H]21
DB00499,202,CC(C)C(=O)Nc1ccc([N+](=O)[O-])c(C(F)(F)F)c1
DB00621,203,C[C@]12COC(=O)C[C@@H]1CC[C@@H]1[C@@H]2CC[C@@]2(C)[C@H]1CC[C@]2(C)O
DB00624,204,C[C@]12CC[C@H]3[C@@H](CCC4=CC(=O)CC[C@@]43C)[C@@H]1CC[C@@H]2O
DB00665,205,CC1(C)NC(=O)N(c2ccc([N+](=O)[O-])c(C(F)(F)F)c2)C1=O
DB00984,206,C[C@]12CC[C@@H]3[C@H]4CCC(=O)C=C4CC[C@H]3[C@@H]1CC[C@@H]2OC(=O)CCc1ccccc1
DB01128,207,CC(O)(CS(=O)(=O)c1ccc(F)cc1)C(=O)Nc1ccc(C#N)c(C(F)(F)F)c1
DB01395,208,C[C@]12CC[C@H]3[C@H]([C@@H]1[C@@H]1C[C@@H]1[C@@]21CCC(=O)O1)[C@H]1C[C@H]1C1=CC(=O)CC[C@@]13C
DB01420,209,CCC(=O)O[C@H]1CC[C@H]2[C@@H]3CCC4=CC(=O)CC[C@]4(C)[C@H]3CC[C@]12C
DB02932,210,C[C@](O)(CS(=O)(=O)c1ccc(F)cc1)C(=O)Nc1ccc(C#N)c(C(F)(F)F)c1
DB04839,211,CC(=O)O[C@]1(C(C)=O)CC[C@H]2[C@@H]3C=C(Cl)C4=CC(=O)[C@@H]5C[C@@H]5[C@]4(C)[C@H]3CC[C@@]21C
DB06710,212,C[C@]1(O)CC[C@H]2[C@@H]3CCC4=CC(=O)CC[C@]4(C)[C@H]3CC[C@@]21C
DB07423,213,CC(=O)Nc1ccc(OC[C@](C)(O)C(=O)Nc2ccc([N+](=O)[O-])c(C(F)(F)F)c2)cc1
DB00536,214,N=C(N)N
DB00822,215,CCN(CC)C(=S)SSC(=S)N(CC)CC
DB02115,216,O=c1c(-c2ccc(O)cc2)coc2cc(O[C@@H]3O[C@H](CO)[C@@H](O)[C@H](O)[C@H]3O)ccc12
DB00252,217,O=C1NC(=O)C(c2ccccc2)(c2ccccc2)N1
DB00273,218,CC1(C)O[C@@H]2CO[C@@]3(COS(N)(=O)=O)OC(C)(C)O[C@H]3[C@@H]2O1
DB01438,219,Nc1ccc(/N=N/c2ccccc2)c(N)n1
DB00361,220,CCC1=C[C@@H]2CN(C1)Cc1c([nH]c3ccccc13)[C@@](C(=O)OC)(c1cc3c(cc1OC)N(C)[C@H]1[C@@](O)(C(=O)OC)[C@H](OC(C)=O)[C@]4(CC)C=CCN5CC[C@]31[C@@H]54)C2
DB00541,221,CC[C@]1(O)C[C@@H]2C[N@@](CCc3c([nH]c4ccccc34)[C@@](C(=O)OC)(c3cc4c(cc3OC)N(C=O)[C@H]3[C@@](O)(C(=O)OC)[C@H](OC(C)=O)[C@]5(CC)C=CCN6CC[C@]43[C@@H]65)C2)C1
DB00570,222,CC[C@]1(O)C[C@@H]2CN(CCc3c([nH]c4ccccc34)[C@@](C(=O)OC)(c3cc4c(cc3OC)N(C)[C@H]3[C@@](O)(C(=O)OC)[C@H](OC(C)=O)[C@]5(CC)C=CCN6CC[C@]43[C@@H]65)C2)C1
DB01179,223,COc1cc([C@@H]2c3cc4c(cc3[C@H](O)[C@H]3COC(=O)[C@H]23)OCO4)cc(OC)c1OC
DB00724,224,CC(C)Cn1cnc2c(N)nc3ccccc3c21
DB01611,225,CCN(CCO)CCCC(C)Nc1ccnc2cc(Cl)ccc12
DB00514,226,COc1ccc2c(c1)[C@]13CCCC[C@@H]1[C@H](C2)N(C)CC3
DB01017,227,CN(C)c1ccc(O)c2c1C[C@H]1C[C@H]3[C@H](N(C)C)C(O)=C(C(N)=O)C(=O)[C@@]3(O)C(O)=C1C2=O
DB01120,228,Cc1ccc(S(=O)(=O)NC(=O)NN2C[C@H]3CCC[C@H]3C2)cc1
DB00872,229,Cc1nc2c([nH]1)CCN(C(=O)c1ccc(NC(=O)c3ccccc3-c3ccccc3)cc1)c1ccccc1-2
DB00290,230,Cc1c(N)nc([C@H](CC(N)=O)NC[C@H](N)C(N)=O)nc1C(=O)N[C@H](C(=O)N[C@H](C)[C@@H](O)[C@H](C)C(=O)N[C@H](C(=O)NCCc1nc(-c2nc(C(=O)NCCC[S+](C)C)cs2)cs1)[C@@H](C)O)[C@@H](OC1OC(CO)C(O)C(O)C1OC1OC(CO)C(O)C(OC(N)=O)C1O)c1c[nH]cn1
DB00187,231,COC(=O)CCc1ccc(OCC(O)CNC(C)C)cc1
DB00195,232,CC(C)NCC(O)COc1ccc(CCOCC2CC2)cc1
DB00264,233,COCCc1ccc(OCC(O)CNC(C)C)cc1
DB00368,234,NC[C@H](O)c1ccc(O)c(O)c1
DB00373,235,CC(C)(C)NC[C@H](O)COc1nsnc1N1CCOCC1
DB00571,236,CC(C)NCC(O)COc1cccc2ccccc12
DB00612,237,CC(C)NCC(O)COc1ccc(COCCOC(C)C)cc1
DB00668,238,CNC[C@H](O)c1ccc(O)c(O)c1
DB00841,239,CC(CCc1ccc(O)cc1)NCCc1ccc(O)c(O)c1
DB01001,240,CC(C)(C)NCC(O)c1ccc(O)c(CO)c1
DB01064,241,CC(C)NCC(O)c1ccc(O)c(O)c1
DB01193,242,CCCC(=O)Nc1ccc(OCC(O)CNC(C)C)c(C(C)=O)c1
DB04861,243,OC(CNCC(O)C1CCc2cc(F)ccc2O1)C1CCc2cc(F)ccc2O1
DB00281,244,CCN(CC)CC(=O)Nc1c(C)cccc1C
DB00296,245,CCCN1CCCC[C@H]1C(=O)Nc1c(C)cccc1C
DB00527,246,CCCCOc1cc(C(=O)NCCN(CC)CC)c2ccccc2n1
DB00645,247,CCCCOc1ccc(C(=O)CCN2CCCCC2)cc1
DB00721,248,CCN(CC)CCOC(=O)c1ccc(N)cc1
DB00807,249,CCCOc1ccc(C(=O)OCCN(CC)CC)cc1N
DB00892,250,CCCCOc1cc(C(=O)OCCN(CC)CC)ccc1N
DB00961,251,Cc1cccc(C)c1NC(=O)C1CCCCN1C
DB01086,252,CCOC(=O)c1ccc(N)cc1
DB01173,253,Cc1ccccc1C(OCCN(C)C)c1ccccc1
DB00583,254,C[N+](C)(C)C[C@H](O)CC(=O)[O-]
DB01074,255,C1CCC(C(CC2CCCCN2)C2CCCCC2)CC1
DB00203,256,CCCc1nn(C)c2c(=O)[nH]c(-c3cc(S(=O)(=O)N4CCN(C)CC4)ccc3OCC)nc12
DB00820,257,CN1CC(=O)N2[C@H](Cc3c([nH]c4ccccc34)[C@H]2c2ccc3c(c2)OCO3)C1=O
DB00862,258,CCCc1nc(C)c2c(=O)nc(-c3cc(S(=O)(=O)N4CCN(CC)CC4)ccc3OCC)[nH]n12
DB00975,259,OCCN(CCO)c1nc(N2CCCCC2)c2nc(N(CCO)CCO)nc(N3CCCCC3)c2n1
DB00128,260,N[C@@H](CC(=O)O)C(=O)O
DB01708,261,C[C@]12CC[C@H]3[C@@H](CC=C4C[C@@H](O)CC[C@@]43C)[C@@H]1CCC2=O
DB00379,262,Cc1cccc(C)c1OCC(C)N
DB00564,263,NC(=O)N1c2ccccc2C=Cc2ccccc21
DB00740,264,Nc1nc2ccc(OC(F)(F)F)cc2s1
DB00750,265,CCCNC(C)C(=O)Nc1ccccc1C
DB00776,266,NC(=O)N1c2ccccc2CC(=O)c2ccccc21
DB01195,267,O=C(NCC1CCCCN1)c1cc(OCC(F)(F)F)ccc1OCC(F)(F)F
DB02877,268,C/C(=C\c1ccc(C(=O)O)cc1)c1ccc2c(c1)C(C)(C)CCC2(C)C
DB04942,269,CC1(C)CCC(C)(C)c2cc(NC(=O)c3ccc(C(=O)O)cc3)ccc21
DB00222,270,CCC1=C(C)CN(C(=O)NCCc2ccc(S(=O)(=O)NC(=O)N[C@H]3CC[C@H](C)CC3)cc2)C1=O
DB00672,271,CCCNC(=O)NS(=O)(=O)c1ccc(Cl)cc1
DB00731,272,CC(C)[C@H]1CC[C@H](C(=O)N[C@H](Cc2ccccc2)C(=O)O)CC1
DB00912,273,CCOc1cc(CC(=O)N[C@@H](CC(C)C)c2ccccc2N2CCCCC2)ccc1C(=O)O
DB01067,274,Cc1cnc(C(=O)NCCc2ccc(S(=O)(=O)NC(=O)NC3CCCCC3)cc2)cn1
DB01124,275,CCCCNC(=O)NS(=O)(=O)c1ccc(C)cc1
DB01251,276,COc1ccc2c(c1)C(=O)N(CCc1ccc(S(=O)(=O)NC(=O)NC3CCCCC3)cc1)C(=O)C2(C)C
DB00302,277,NC[C@H]1CC[C@H](C(=O)O)CC1
DB00513,278,NCCCCCC(=O)O
DB00197,279,Cc1c(C)c2c(c(C)c1O)CCC(C)(COc1ccc(CC3SC(=O)NC3=O)cc1)O2
DB00412,280,CN(CCOc1ccc(CC2SC(=O)NC2=O)cc1)c1ccccn1
DB01132,281,CCc1ccc(CCOc2ccc(CC3SC(=O)NC3=O)cc2)nc1
DB06228,282,O=C(NC[C@H]1CN(c2ccc(N3CCOCC3=O)cc2)C(=O)O1)c1ccc(Cl)s1
DB01373,283,[Ca]
DB01087,284,COc1cc(NC(C)CCCN)c2ncccc2c1
DB00178,285,CCOC(=O)[C@H](CCc1ccccc1)N[C@@H](C)C(=O)N1[C@H](C(=O)O)C[C@@H]2CCC[C@@H]21
DB00542,286,CCOC(=O)[C@H](CCc1ccccc1)N[C@H]1CCc2ccccc2N(CC(=O)O)C1=O
DB00584,287,CCOC(=O)[C@H](CCc1ccccc1)N[C@@H](C)C(=O)N1CCC[C@H]1C(=O)O
DB00691,288,CCOC(=O)[C@H](CCc1ccccc1)N[C@@H](C)C(=O)N1Cc2cc(OC)c(OC)cc2C[C@H]1C(=O)O
DB00790,289,CCC[C@H](N[C@@H](C)C(=O)N1[C@H](C(=O)O)C[C@@H]2CCCC[C@@H]21)C(=O)OCC
DB00881,290,CCOC(=O)[C@H](CCc1ccccc1)N[C@@H](C)C(=O)N1Cc2ccccc2C[C@H]1C(=O)O
DB01197,291,C[C@H](CS)C(=O)N1CCC[C@H]1C(=O)O
DB01340,292,CCOC(=O)[C@H](CCc1ccccc1)N[C@H]1CCCN2CCC[C@@H](C(=O)O)N2C1=O
DB01213,293,Cc1cn[nH]c1
DB00200,294,CC1=C2[N+]3=C(C=C4[N+]5=C(C(C)=C6N7[C@@H]8[C@H](CC(N)=O)[C@@]6(C)CCC(=O)NC[C@@H](C)OP(=O)([O-])O[C@@H]6[C@@H](CO)O[C@@H]([C@@H]6O)n6c[n+](c9cc(C)c(C)cc96)[Co-3]753(O)[N+]3=C1[C@@H](CCC(N)=O)[C@](C)(CC(N)=O)[C@]83C)[C@@H](CCC(N)=O)C4(C)C)[C@@H](CCC(N)=O)[C@]2(C)CC(N)=O
DB00648,295,Clc1ccc(C(c2ccccc2Cl)C(Cl)Cl)cc1
DB01367,296,C#CCN[C@@H]1CCc2ccccc21
DB00179,297,C[C@@H](Cc1ccc(O)c(O)c1)[C@H](C)Cc1ccc(O)c(O)c1
DB00233,298,Nc1ccc(C(=O)O)c(O)c1
DB00471,299,CC(C)(O)c1ccccc1CC[C@@H](SCC1(CC(=O)O)CC1)c1cccc(/C=C/c2ccc3ccc(Cl)cc3n2)c1
DB00744,300,CC(c1cc2ccccc2s1)N(O)C(N)=O
DB01097,301,Cc1oncc1C(=O)Nc1ccc(C(F)(F)F)cc1
DB00242,302,Nc1nc(Cl)nc2c1ncn2[C@H]1C[C@H](O)[C@@H](CO)O1
DB00900,303,O=c1nc[nH]c2c1ncn2[C@H]1CC[C@@H](CO)O1
DB01667,304,Nc1nc2[nH]nnc2c(=O)[nH]1
DB02857,305,Nc1nc2c(ncn2[C@@H]2O[C@H](CO)[C@@H](O)[C@H]2O)c(=O)[nH]1
DB00600,306,Oc1ccc(OCc2ccccc2)cc1
DB00780,307,NNCCc1ccccc1
DB00331,308,CN(C)C(=N)NC(=N)N
DB03796,309,CCCCCCCCCCCCCCCC(=O)O
DB00811,310,NC(=O)c1ncn([C@@H]2O[C@H](CO)[C@@H](O)[C@H]2O)n1
DB00480,311,Nc1cccc2c1CN(C1CCC(=O)NC1=O)C2=O
DB00482,312,Cc1ccc(-c2cc(C(F)(F)F)nn2-c2ccc(S(N)(=O)=O)cc2)cc1
DB00533,313,CS(=O)(=O)c1ccc(C2=C(c3ccccc3)C(=O)OC2)cc1
DB00580,314,Cc1onc(-c2ccccc2)c1-c1ccc(S(N)(=O)=O)cc1
DB01041,315,O=C1CCC(N2C(=O)c3ccccc3C2=O)C(=O)N1
DB04743,316,CS(=O)(=O)Nc1ccc([N+](=O)[O-])cc1Oc1ccccc1
DB08597,317,c1cc(-c2cnn3cc(-c4ccc(OCCN5CCCCC5)cc4)cnc23)ccn1
DB00232,318,CN1C(CCl)Nc2cc(Cl)c(S(N)(=O)=O)cc2S1(=O)=O
DB00381,319,CCOC(=O)C1=C(COCCN)NC(C)=C(C(=O)OC)C1c1ccccc1Cl
DB00423,320,COc1ccccc1OCC(O)COC(N)=O
DB00436,321,NS(=O)(=O)c1cc2c(cc1C(F)(F)F)NC(Cc1ccccc1)NS2(=O)=O
DB00703,322,CC(=O)/N=c1/sc(S(N)(=O)=O)nn1C
DB00869,323,CCN[C@H]1C[C@H](C)S(=O)(=O)c2sc(S(N)(=O)=O)cc21
DB00880,324,NS(=O)(=O)c1cc2c(cc1Cl)NC=NS2(=O)=O
DB00999,325,NS(=O)(=O)c1cc2c(cc1Cl)NCNS2(=O)=O
DB01021,326,NS(=O)(=O)c1cc2c(cc1Cl)NC(C(Cl)Cl)NS2(=O)=O
DB01144,327,NS(=O)(=O)c1cc(Cl)c(Cl)c(S(N)(=O)=O)c1
DB01194,328,CCN[C@H]1CN(CCCOC)S(=O)(=O)c2sc(S(N)(=O)=O)cc21
DB00400,329,COC1=CC(=O)C[C@@H](C)[C@]12Oc1c(Cl)c(OC)cc(OC)c1C2=O
DB00370,330,CN1CCN2c3ncccc3Cc3ccccc3C2C1
DB00484,331,Brc1c(NC2=NCCN2)ccc2nccnc12
DB00575,332,Clc1cccc(Cl)c1NC1=NCCN1
DB00633,333,Cc1cccc([C@H](C)c2c[nH]cn2)c1C
DB00656,334,O=c1n(CCCN2CCN(c3cccc(Cl)c3)CC2)nc2ccccn12
DB00692,335,Cc1ccc(N(CC2=NCCN2)c2cccc(O)c2)cc1
DB00697,336,Clc1ccc2nsnc2c1NC1=NCCN1
DB00797,337,c1ccc(CC2=NCCN2)cc1
DB00925,338,CC(COc1ccccc1)N(CCCl)Cc1ccccc1
DB00935,339,Cc1cc(C(C)(C)C)c(O)c(C)c1CC1=NCCN1
DB00968,340,C[C@](N)(Cc1ccc(O)c(O)c1)C(=O)O
DB01392,341,COC(=O)[C@H]1[C@@H](O)CC[C@H]2CN3CCc4c([nH]c5ccccc45)[C@@H]3C[C@@H]21
DB06148,342,CN1CCN2c3ccccc3Cc3ccccc3C2C1
DB06694,343,Cc1cc(C(C)(C)C)cc(C)c1CC1=NCCN1
DB06711,344,c1ccc2c(CC3=NCCN3)cccc2c1
DB00216,345,CN1CCC[C@@H]1Cc1c[nH]c2ccc(CCS(=O)(=O)c3ccccc3)cc12
DB00315,346,CN(C)CCc1c[nH]c2ccc(C[C@H]3COC(=O)N3)cc12
DB00490,347,O=C1CC2(CCCC2)CC(=O)N1CCCCN1CCN(c2ncccn2)CC1
DB00669,348,CNS(=O)(=O)Cc1ccc2[nH]cc(CCN(C)C)c2c1
DB00952,349,CNS(=O)(=O)CCc1ccc2[nH]cc(C3CCN(C)CC3)c2c1
DB01616,350,CCN(CCCc1ccccc1)CCCc1ccccc1
DB06684,351,N#Cc1ccc2[nH]cc(CCCCN3CCN(c4ccc5oc(C(N)=O)cc5c4)CC3)c2c1
DB00393,352,COCCOC(=O)C1=C(C)NC(C)=C(C(=O)OC(C)C)C1c1cccc([N+](=O)[O-])c1
DB00728,353,C=CC[N+]1([C@H]2C[C@H]3[C@@H]4CC[C@H]5C[C@H](O)[C@@H](N6CCOCC6)C[C@]5(C)[C@H]4CC[C@]3(C)[C@H]2OC(C)=O)CCCC1
DB00889,354,CN1[C@H]2CCC[C@@H]1C[C@H](NC(=O)c1nn(C)c3ccccc13)C2
DB01043,355,CC12CC3CC(C)(C1)CC(N)(C3)C2
DB00279,356,N[C@@H](Cc1cc(I)c(Oc2ccc(O)c(I)c2)c(I)c1)C(=O)O
DB00451,357,N[C@@H](Cc1cc(I)c(Oc2cc(I)c(O)c(I)c2)c(I)c1)C(=O)O
DB03604,358,O=C(O)Cc1cc(I)c(Oc2ccc(O)c(I)c2)c(I)c1
DB00115,359,C/C1=C2/N=C(/C=C3\N=C(/C(C)=C4/[C@@H](CCC(N)=O)[C@](C)(CC(N)=O)[C@](C)([C@@H]5N=C1[C@](C)(CCC(=O)NC[C@@H](C)OP(=O)([O-])O[C@@H]1[C@@H](CO)O[C@H](n6cnc7cc(C)c(C)cc76)[C@@H]1O)[C@H]5CC(N)=O)N4[Co+]C#N)[C@@](C)(CC(N)=O)[C@@H]3CCC(N)=O)C(C)(C)[C@@H]2CCC(N)=O
DB00695,360,NS(=O)(=O)c1cc(C(=O)O)c(NCc2ccco2)cc1Cl
DB00293,361,Cc1nc(=O)c2cc(CN(C)c3ccc(C(=O)N[C@@H](CCC(=O)O)C(=O)O)s3)ccc2[nH]1
DB00322,362,O=c1[nH]c(=O)n([C@H]2C[C@H](O)[C@@H](CO)O2)cc1F
DB00432,363,O=c1[nH]c(=O)n([C@H]2C[C@H](O)[C@@H](CO)O2)cc1C(F)(F)F
DB00440,364,COc1cc(Cc2cnc(N)nc2N)cc(OC)c1OC
DB00441,365,Nc1ccn([C@@H]2O[C@H](CO)[C@@H](O)C2(F)F)c(=O)n1
DB00544,366,O=c1[nH]cc(F)c(=O)[nH]1
DB00642,367,Nc1nc(=O)c2c(CCc3ccc(C(=O)N[C@@H](CCC(=O)O)C(=O)O)cc3)c[nH]c2[nH]1
DB01101,368,CCCCCOC(=O)Nc1nc(=O)n([C@@H]2O[C@H](C)[C@@H](O)[C@H]2O)cc1F
DB00631,369,Nc1nc(Cl)nc2c1ncn2[C@@H]1O[C@H](CO)[C@@H](O)[C@@H]1F
DB01005,370,NC(=O)NO
DB01073,371,Nc1nc(F)nc2c1ncn2[C@@H]1O[C@H](CO)[C@@H](O)[C@@H]1O
DB00980,372,CCC(=O)NCC[C@@H]1CCc2ccc3c(c21)CCO3
DB06594,373,COc1ccc2cccc(CCNC(C)=O)c2c1
DB02329,374,CC1(C)[C@@H](OC(=O)CCC(=O)O)CC[C@@]2(C)[C@H]1CC[C@]1(C)[C@@H]2C(=O)C=C2[C@@H]3C[C@@](C)(C(=O)O)CC[C@]3(C)CC[C@]21C
DB00205,375,CCc1nc(N)nc(N)c1-c1ccc(Cl)cc1
DB00563,376,CN(Cc1cnc2nc(=N)[nH]c(N)c2n1)c1ccc(C(=O)N[C@@H](CCC(=O)O)C(=O)O)cc1
DB01157,377,COc1cc(NCc2ccc3nc(N)nc(N)c3c2C)cc(OC)c1OC
DB00609,378,CCc1cc(C(N)=S)ccn1
DB00951,379,NNC(=O)c1ccncc1
DB03608,380,N=C(N)c1ccc(/N=N/Nc2ccc(C(=N)N)cc2)cc1
DB00230,381,CC(C)C[C@H](CN)CC(=O)O
DB00836,382,CN(C)C(=O)C(CCN1CCC(O)(c2ccc(Cl)cc2)CC1)(c1ccccc1)c1ccccc1
DB01244,383,CC(C)COCC(CN(Cc1ccccc1)c1ccccc1)N1CCCC1
DB00140,384,Cc1cc2nc3c(=O)[nH]c(=O)nc-3n(C[C@H](O)[C@H](O)[C@H](O)CO)c2cc1C
DB00091,385,C/C=C/C[C@@H](C)[C@@H](O)[C@H]1C(=O)N[C@@H](CC)C(=O)N(C)CC(=O)N(C)[C@@H](CC(C)C)C(=O)N[C@@H](C(C)C)C(=O)N(C)[C@@H](CC(C)C)C(=O)N[C@@H](C)C(=O)N[C@H](C)C(=O)N(C)[C@@H](CC(C)C)C(=O)N(C)[C@@H](CC(C)C)C(=O)N(C)[C@@H](C(C)C)C(=O)N1C
DB00402,386,CN1CCN(C(=O)O[C@H]2c3nccnc3C(=O)N2c2ccc(Cl)cn2)CC1
DB00794,387,CCC1(c2ccccc2)C(=O)NCNC1=O
DB01205,388,CCOC(=O)c1ncn2c1CN(C)C(=O)c1cc(F)ccc1-2
DB01117,389,O=C1C(O)=C([C@H]2CC[C@H](c3ccc(Cl)cc3)CC2)C(=O)c2ccccc21
DB02262,390,O=C(O)c1cc(=O)[nH]c(=O)[nH]1
DB00673,391,C[C@@H](O[C@H]1OCCN(Cc2n[nH]c(=O)[nH]2)[C@H]1c1ccc(F)cc1)c1cc(C(F)(F)F)cc(C(F)(F)F)c1
DB01221,392,CNC1(c2ccccc2Cl)CCCCC1=O
DB06717,393,C[C@@H](O[C@H]1OCCN(Cc2nc(=O)n(P(=O)(O)O)[nH]2)[C@H]1c1ccc(F)cc1)c1cc(C(F)(F)F)cc(C(F)(F)F)c1
DB01242,394,CN(C)CCCN1c2ccccc2CCc2ccc(Cl)cc21
DB00257,395,Clc1ccccc1C(c1ccccc1)(c1ccccc1)n1ccnc1
DB00468,396,C=C[C@H]1C[N@]2CC[C@H]1C[C@H]2[C@H](O)c1ccnc2ccc(OC)cc12
DB00949,397,NC(=O)OCC(COC(N)=O)c1ccccc1
DB00831,398,CN1CCN(CCCN2c3ccccc3Sc3ccc(C(F)(F)F)cc32)CC1
DB01023,399,CCOC(=O)C1=C(C)NC(C)=C(C(=O)OC)C1c1cccc(Cl)c1Cl
DB01115,400,COC(=O)C1=C(C)NC(C)=C(C(=O)OC)C1c1ccccc1[N+](=O)[O-]
DB00704,401,O=C1CC[C@@]2(O)[C@H]3Cc4ccc(O)c5c4[C@@]2(CCN3CC2CC2)[C@H]1O5
DB00741,402,C[C@]12C[C@H](O)[C@H]3[C@@H](CCC4=CC(=O)CC[C@@]43C)[C@@H]1CC[C@]2(O)C(=O)CO
DB02701,403,NC(=O)c1cccnc1
DB00382,404,Nc1c2c(nc3ccccc13)CCCC2
DB00483,405,CC[N+](CC)(CC)CCOc1cccc(OCC[N+](CC)(CC)CC)c1OCC[N+](CC)(CC)CC.[I-].[I-].[I-]
DB00545,406,CN(C)C(=O)Oc1ccc[n+](C)c1
DB00674,407,COc1ccc2c3c1O[C@H]1C[C@@H](O)C=C[C@@]31CCN(C)C2
DB00989,408,CCN(C)C(=O)Oc1cccc([C@H](C)N(C)C)c1
DB01245,409,C[N+](C)(C)CCCCCCCCCC[N+](C)(C)C
DB08167,410,CN(C)c1ccc2nc3ccc(N(C)C)cc3[s+]c2c1
DB01169,411,O=[As]O[As]=O
DB00218,412,COc1c(N2C[C@@H]3CCCN[C@@H]3C2)c(F)cc2c(=O)c(C(=O)O)cn(C3CC3)c12
DB00467,413,CCn1cc(C(=O)O)c(=O)c2cc(F)c(N3CCNCC3)nc21
DB00487,414,CCn1cc(C(=O)O)c(=O)c2cc(F)c(N3CCN(C)CC3)cc21
DB00537,415,O=C(O)c1cn(C2CC2)c2cc(N3CCNCC3)c(F)cc2c1=O
DB00978,416,CCn1cc(C(=O)O)c(=O)c2cc(F)c(N3CCNC(C)C3)c(F)c21
DB01059,417,CCn1cc(C(=O)O)c(=O)c2cc(F)c(N3CCNCC3)cc21
DB01137,418,C[C@H]1COc2c(N3CCN(C)CC3)c(F)cc3c(=O)c(C(=O)O)cn1c23
DB01165,419,CC1COc2c(N3CCN(C)CC3)c(F)cc3c(=O)c(C(=O)O)cn1c23
DB01208,420,C[C@H]1CN(c2c(F)c(N)c3c(=O)c(C(=O)O)cn(C4CC4)c3c2F)C[C@@H](C)N1
DB04576,421,CN1CCN(c2c(F)cc3c(=O)c(C(=O)O)cn(CCF)c3c2F)CC1
DB00270,422,COC(=O)C1=C(C)NC(C)=C(C(=O)OC(C)C)C1c1cccc2nonc12
DB00401,423,COC(=O)C1=C(C)NC(C)=C(C(=O)OCC(C)C)C1c1ccccc1[N+](=O)[O-]
DB01054,424,CCOC(=O)C1=C(C)NC(C)=C(C(=O)OC)C1c1cccc([N+](=O)[O-])c1
DB06712,425,COC(=O)C1=C(C#N)NC(C)=C(C(=O)OC(C)C)C1c1cccc([N+](=O)[O-])c1
DB00235,426,Cc1[nH]c(=O)c(C#N)cc1-c1ccncc1
DB00261,427,O=C1CN2Cc3c(ccc(Cl)c3Cl)N=C2N1
DB00922,428,C[C@@H]1CC(=O)NN=C1c1ccc(NN=C(C#N)C#N)cc1
DB01166,429,O=C1CCc2cc(OCCCCc3nnnn3C3CCCCC3)ccc2N1
DB00283,430,CN1CCC[C@@H]1CCO[C@](C)(c1ccccc1)c1ccc(Cl)cc1
DB00341,431,O=C(O)COCCN1CCN(C(c2ccccc2)c2ccc(Cl)cc2)CC1
DB00455,432,CCOC(=O)N1CCC(=C2c3ccc(Cl)cc3CCc3cccnc32)CC1
DB00557,433,OCCOCCN1CCN(C(c2ccccc2)c2ccc(Cl)cc2)CC1
DB00719,434,CN1CCC(=C2c3ccccc3CCc3cccnc32)CC1
DB00737,435,Cc1cccc(CN2CCN(C(c3ccccc3)c3ccc(Cl)cc3)CC2)c1
DB00768,436,CN(C)CC/C=C1/c2ccccc2COc2ccc(CC(=O)O)cc21
DB00792,437,CN(C)CCN(Cc1ccccc1)c1ccccn1
DB00920,438,CN1CCC(=C2c3ccccc3CC(=O)c3sccc32)CC1
DB00950,439,CC(C)(C(=O)O)c1ccc(C(O)CCCN2CCC(C(O)(c3ccccc3)c3ccccc3)CC2)cc1
DB00967,440,Clc1ccc2c(c1)CCc1cccnc1C2=C1CCNCC1
DB00972,441,CN1CCCC(n2nc(Cc3ccc(Cl)cc3)c3ccccc3c2=O)CC1
DB01075,442,CN(C)CCOC(c1ccccc1)c1ccccc1
DB01114,443,CN(C)CCC(c1ccc(Cl)cc1)c1ccccn1
DB01176,444,CN1CCN(C(c2ccccc2)c2ccccc2)CC1
DB01620,445,CN(C)CCC(c1ccccc1)c1ccccn1
DB04890,446,O=C(O)CCCN1CCC(OC(c2ccc(Cl)cc2)c2ccccn2)CC1
DB06698,447,CNCCc1ccccn1
DB08799,448,c1ccc(CN(CC2=NCCN2)c2ccccc2)cc1
DB08800,449,CN(C)CCN(Cc1ccc(Cl)cc1)c1ccccn1
DB00472,450,CNCCC(Oc1ccc(C(F)(F)F)cc1)c1ccccc1
DB00924,451,CN(C)CCC=C1c2ccccc2C=Cc2ccccc21
DB04599,452,COc1ccc(C(=O)N2CCCC2=O)cc1
DB06288,453,CCN1CCCC1CNC(=O)c1cc(S(=O)(=O)CC)c(N)cc1OC
DB00104,454,CC(=O)O.CC(=O)O.C[C@@H](O)[C@@H]1NC(=O)[C@H](CCCCN)NC(=O)[C@@H](Cc2c[nH]c3ccccc23)NC(=O)[C@H](Cc2ccccc2)NC(=O)[C@@H](NC(=O)[C@H](N)Cc2ccccc2)CSSC[C@@H](C(=O)N[C@H](CO)[C@@H](C)O)NC1=O
DB01143,455,NCCCNCCSP(=O)(O)O
DB00953,456,CN(C)CCc1c[nH]c2ccc(Cn3cncn3)cc12
DB00188,457,CC(C)C[C@H](NC(=O)[C@H](Cc1ccccc1)NC(=O)c1cnccn1)B(O)O
DB00593,458,CCC1(C)CC(=O)NC1=O
DB01113,459,COc1ccc(Cc2nccc3cc(OC)c(OC)cc23)cc1OC
DB01954,460,COc1ccc(C2CNC(=O)C2)cc1OC1CCCC1
DB03849,461,COc1ccc([C@]2(C#N)CC[C@@H](C(=O)O)CC2)cc1OC1CCCC1
DB04149,462,COc1ccc([C@@H]2CNC(=O)C2)cc1OC1CCCC1
DB00808,463,CC1Cc2ccccc2N1NC(=O)c1ccc(Cl)c(S(N)(=O)=O)c1
DB00346,464,COc1cc2nc(N(C)CCCNC(=O)C3CCCO3)nc(N)c2cc1OC
DB00388,465,CNC[C@H](O)c1cccc(O)c1
DB00450,466,O=C(CCCN1CC=C(n2c(=O)[nH]c3ccccc32)CC1)c1ccc(F)cc1
DB00706,467,CCOc1ccccc1OCCN[C@H](C)Cc1ccc(OC)c(S(N)(=O)=O)c1
DB00389,468,CCOC(=O)n1ccn(C)c1=S
DB00550,469,CCCc1cc(=O)[nH]c(=S)[nH]1
DB00763,470,Cn1cc[nH]c1=S
DB01259,471,CS(=O)(=O)CCNCc1ccc(-c2ccc3ncnc(Nc4ccc(OCc5cccc(F)c5)c(Cl)c4)c3c2)o1
DB00227,472,CC[C@H](C)C(=O)O[C@H]1C[C@@H](C)C=C2C=C[C@H](C)[C@H](CC[C@@H]3C[C@@H](O)CC(=O)O3)[C@H]21
DB00627,473,O=C(O)c1cccnc1
DB00445,474,COc1cccc2c1C(=O)c1c(O)c3c(c(O)c1C2=O)C[C@@](O)(C(=O)CO)C[C@@H]3O[C@H]1C[C@H](N)[C@@H](O)[C@H](C)O1
DB01280,475,COc1nc(N)nc2c1ncn2[C@@H]1O[C@H](CO)[C@@H](O)[C@@H]1O
DB00356,476,O=c1[nH]c2cc(Cl)ccc2o1
DB01003,477,O=C(O)c1cc(=O)c2c(OCC(O)COc3cccc4oc(C(=O)O)cc(=O)c34)cccc2o1
DB00351,478,CC(=O)O[C@]1(C(C)=O)CC[C@H]2[C@@H]3C=C(C)C4=CC(=O)CC[C@]4(C)[C@H]3CC[C@@]21C
DB00378,479,CC(=O)[C@H]1CC[C@H]2[C@@H]3C=CC4=CC(=O)CC[C@@]4(C)[C@@H]3CC[C@]12C
DB00588,480,CCC(=O)O[C@]1(C(=O)SCF)[C@H](C)C[C@H]2[C@@H]3C[C@H](F)C4=CC(=O)C=C[C@]4(C)[C@@]3(F)[C@@H](O)C[C@@]21C
DB00717,481,C#C[C@]1(O)CC[C@H]2[C@@H]3CCC4=CC(=O)CC[C@@H]4[C@H]3CC[C@@]21C
DB00834,482,CC#C[C@]1(O)CC[C@H]2[C@@H]3CCC4=CC(=O)CCC4=C3[C@@H](c3ccc(N(C)C)cc3)C[C@@]21C
DB01019,483,CC(C[N+](C)(C)C)OC(N)=O
DB00292,484,CCOC(=O)c1cncn1[C@H](C)c1ccccc1
DB00641,485,CCC(C)(C)C(=O)O[C@H]1C[C@@H](C)C=C2C=C[C@H](C)[C@H](CC[C@@H]3C[C@@H](O)CC(=O)O3)[C@H]21
DB01095,486,CC(C)n1c(/C=C/C(O)CC(O)CC(=O)O)c(-c2ccc(F)cc2)c2ccccc21
DB06693,487,CC[C@H](C)C(=O)O[C@H]1CCC=C2C=C[C@H](C)[C@H](CC[C@@H]3C[C@@H](O)CC(=O)O3)[C@H]21
DB00391,488,CCN1CCCC1CNC(=O)c1cc(S(N)(=O)=O)ccc1OC
DB01184,489,O=c1[nH]c2ccccc2n1CCCN1CCC(n2c(=O)[nH]c3cc(Cl)ccc32)CC1
DB01698,490,C[C@@H]1O[C@@H](OC[C@H]2O[C@@H](Oc3c(-c4ccc(O)c(O)c4)oc4cc(O)cc(O)c4c3=O)[C@H](O)[C@@H](O)[C@@H]2O)[C@H](O)[C@H](O)[C@H]1O
DB00287,491,CC(C)OC(=O)CCC/C=C\C[C@H]1[C@@H](O)C[C@@H](O)[C@@H]1/C=C/[C@@H](O)COc1cccc(C(F)(F)F)c1
DB01586,492,C[C@H](CCC(=O)O)[C@H]1CC[C@H]2[C@@H]3[C@@H](O)C[C@@H]4C[C@H](O)CC[C@]4(C)[C@H]3CC[C@@]21C
DB06999,493,CCCS(=O)(=O)Nc1ccc(F)c(C(=O)c2c[nH]c3ncc(Cl)cc23)c1F
DB00915,494,NC12CC3CC(CC(C3)C1)C2
DB00262,495,O=NN(CCCl)C(=O)NCCCl
DB01103,496,CCN(CC)CCCC(C)Nc1c2ccc(Cl)cc2nc2ccc(OC)cc12
DB00918,497,CN(C)CCc1c[nH]c2ccc(CS(=O)(=O)N3CCCC3)cc12
DB00982,498,CC1=C(/C=C/C(C)=C/C=C/C(C)=C\C(=O)O)C(C)(C)CCC1
DB00700,499,COC(=O)[C@@H]1CC2=CC(=O)CC[C@]2(C)[C@@]23O[C@@H]2C[C@@]2(C)[C@@H](CC[C@@]24CCC(=O)O4)[C@H]13
DB00914,500,N=C(N)NC(=N)NCCc1ccccc1
DB00343,501,COc1ccc([C@@H]2Sc3ccccc3N(CCN(C)C)C(=O)[C@@H]2OC(C)=O)cc1
DB01083,502,CCCCCCCCCCC[C@@H](C[C@@H]1OC(=O)[C@H]1CCCCCC)OC(=O)[C@H](CC(C)C)NC=O
DB04838,503,CC1CC(OC(=O)C(O)c2ccccc2)CC(C)(C)C1
DB00867,504,C[C@@H](NCCc1ccc(O)cc1)[C@@H](O)c1ccc(O)cc1
DB00983,505,COc1ccc(CC(C)NCC(O)c2ccc(O)c(NC=O)c2)cc1
DB01366,506,CC[C@@H](NC(C)C)[C@@H](O)c1ccc(O)c2[nH]c(=O)ccc12
DB05039,507,CCc1cc2c(cc1CC)CC(NC[C@H](O)c1ccc(O)c3[nH]c(=O)ccc13)C2
DB00337,508,CC[C@@H]1/C=C(\C)C[C@H](C)C[C@H](OC)[C@H]2O[C@@](O)(C(=O)C(=O)N3CCCC[C@H]3C(=O)O[C@H](/C(C)=C/[C@@H]3CC[C@H](Cl)[C@H](OC)C3)[C@H](C)[C@@H](O)CC1=O)[C@H](C)C[C@@H]2OC
DB00864,509,C=CC[C@@H]1/C=C(\C)C[C@H](C)C[C@H](OC)[C@H]2O[C@@](O)(C(=O)C(=O)N3CCCC[C@H]3C(=O)O[C@H](/C(C)=C/[C@@H]3CC[C@@H](O)[C@H](OC)C3)[C@H](C)[C@@H](O)CC1=O)[C@H](C)C[C@@H]2OC
DB00877,510,CO[C@H]1C[C@@H]2CC[C@@H](C)[C@@](O)(O2)C(=O)C(=O)N2CCCC[C@H]2C(=O)O[C@H]([C@H](C)C[C@@H]2CC[C@@H](O)[C@H](OC)C2)CC(=O)[C@H](C)/C=C(\C)[C@@H](O)[C@@H](OC)C(=O)[C@H](C)C[C@H](C)/C=C/C=C/C=C/1C
DB00608,511,CCN(CC)CCCC(C)Nc1ccnc2cc(Cl)ccc12
DB01411,512,O=C(Nc1cccc2c(=O)cc(-c3nn[nH]n3)oc12)c1ccc(OCCCCc2ccccc2)cc1
DB00498,513,O=C1c2ccccc2C(=O)C1c1ccccc1
DB00682,514,CC(=O)CC(c1ccccc1)c1c(O)c2ccccc2oc1=O
DB00851,515,CN(C)/N=N/c1[nH]cnc1C(N)=O
DB00688,516,COc1c(C)c2c(c(O)c1C/C=C(\C)CCC(=O)OCCN1CCOCC1)C(=O)OC2
DB01024,517,COc1c(C)c2c(c(O)c1C/C=C(\C)CCC(=O)O)C(=O)OC2
DB00390,518,C[C@H]1O[C@@H](O[C@H]2[C@@H](O)C[C@H](O[C@H]3[C@@H](O)C[C@H](O[C@H]4CC[C@]5(C)[C@H]6C[C@@H](O)[C@]7(C)[C@@H](C8=CC(=O)OC8)CC[C@]7(O)[C@@H]6CC[C@@H]5C4)O[C@@H]3C)O[C@@H]2C)C[C@H](O)[C@@H]1O
DB01092,519,C[C@@H]1O[C@@H](O[C@H]2C[C@@H](O)[C@]3(CO)[C@H]4[C@H](O)C[C@]5(C)[C@@H](C6=CC(=O)OC6)CC[C@]5(O)[C@@H]4CC[C@]3(O)C2)[C@H](O)[C@H](O)[C@H]1O
DB01178,520,CN1C(=O)CCS(=O)(=O)C1c1ccc(Cl)cc1
DB00184,521,CN1CCC[C@H]1c1cccnc1
DB00565,522,COc1ccc(C[C@@H]2c3cc(OC)c(OC)cc3CC[N@+]2(C)CCC(=O)OCCCCCOC(=O)CC[N@@+]2(C)CCc3cc(OC)c(OC)cc3[C@H]2Cc2ccc(OC)c(OC)c2)cc1OC
DB00732,523,COc1ccc(CC2c3cc(OC)c(OC)cc3CC[N+]2(C)CCC(=O)OCCCCCOC(=O)CC[N+]2(C)CCc3cc(OC)c(OC)cc3C2Cc2ccc(OC)c(OC)c2)cc1OC.O=S(=O)([O-])c1ccccc1.O=S(=O)([O-])c1ccccc1
DB01339,524,CC(=O)O[C@H]1C[C@@H]2CC[C@@H]3[C@H](CC[C@@]4(C)[C@H]3C[C@H]([N+]3(C)CCCCC3)[C@@H]4OC(C)=O)[C@@]2(C)C[C@@H]1N1CCCCC1
DB00380,525,C[C@@H](CN1CC(=O)NC(=O)C1)N1CC(=O)NC(=O)C1
DB00444,526,COc1cc([C@@H]2c3cc4c(cc3[C@@H](O[C@@H]3O[C@@H]5CO[C@@H](c6cccs6)O[C@H]5[C@H](O)[C@H]3O)[C@H]3COC(=O)[C@H]23)OCO4)cc(OC)c1O
DB00694,527,COc1cccc2c1C(=O)c1c(O)c3c(c(O)c1C2=O)C[C@@](O)(C(C)=O)C[C@@H]3O[C@H]1C[C@H](N)[C@H](O)[C@H](C)O1
DB00773,528,COc1cc([C@@H]2c3cc4c(cc3[C@@H](O[C@@H]3O[C@@H]5CO[C@@H](C)O[C@H]5[C@H](O)[C@H]3O)[C@H]3COC(=O)[C@H]23)OCO4)cc(OC)c1O
DB00997,529,COc1cccc2c1C(=O)c1c(O)c3c(c(O)c1C2=O)C[C@@](O)(C(=O)CO)C[C@@H]3O[C@H]1C[C@H](N)[C@H](O)[C@H](C)O1
DB01177,530,CC(=O)[C@]1(O)Cc2c(O)c3c(c(O)c2[C@@H](O[C@H]2C[C@H](N)[C@H](O)[C@H](C)O2)C1)C(=O)c1ccccc1C3=O
DB01204,531,O=C1c2c(O)ccc(O)c2C(=O)c2c(NCCNCCO)ccc(NCCNCCO)c21
DB00433,532,CN1CCN(CCCN2c3ccccc3Sc3ccc(Cl)cc32)CC1
DB01425,533,C=CCN1CCCC1CNC(=O)c1cc2n[nH]nc2cc1OC
DB00317,534,COc1cc2ncnc(Nc3ccc(F)c(Cl)c3)c2cc1OCCCN1CCOCC1
DB00530,535,C#Cc1cccc(Nc2ncnc3cc(OCCOC)c(OCCOC)cc23)c1
DB03496,536,CN1CC[C@H](c2c(O)cc(O)c3c(=O)cc(-c4ccccc4Cl)oc23)[C@H](O)C1
DB00399,537,O=P(O)(O)C(O)(Cn1ccnc1)P(=O)(O)O
DB00630,538,NCCCC(O)(P(=O)(O)O)P(=O)(O)O
DB00710,539,CCCCCN(C)CCC(O)(P(=O)(O)O)P(=O)(O)O
DB00884,540,O=P(O)(O)C(O)(Cc1cccnc1)P(=O)(O)O
DB00136,541,C=C1/C(=C\C=C2/CCC[C@@]3(C)[C@H]2CC[C@@H]3[C@H](C)CCCC(C)(C)O)C[C@@H](O)C[C@@H]1O
DB00146,542,C=C1CC[C@H](O)C/C1=C/C=C1\CCC[C@@]2(C)[C@H]1CC[C@@H]2[C@H](C)CCCC(C)(C)O
DB00153,543,C=C1CC[C@H](O)C/C1=C/C=C1\CCC[C@@]2(C)[C@H]1CC[C@@H]2[C@H](C)/C=C/[C@H](C)C(C)C
DB00169,544,C=C1CC[C@H](O)C/C1=C/C=C1\CCC[C@@]2(C)[C@H]1CC[C@@H]2[C@H](C)CCCC(C)C
DB01436,545,C=C1/C(=C\C=C2/CCC[C@@]3(C)[C@H]2CC[C@@H]3[C@H](C)CCCC(C)C)C[C@@H](O)C[C@@H]1O
DB04258,546,C=C1/C(=C\C=C2/CCC[C@@]3(C)[C@H]2CC[C@@H]3[C@H](C)/C=C/C=C/C(O)(CC)CC)C[C@@H](O)C[C@@H]1O
DB00180,547,CC1(C)O[C@@H]2C[C@H]3[C@@H]4C[C@H](F)C5=CC(=O)C=C[C@]5(C)[C@H]4[C@@H](O)C[C@]3(C)[C@]2(C(=O)CO)O1
DB00443,548,C[C@H]1C[C@H]2[C@@H]3CCC4=CC(=O)C=C[C@]4(C)[C@@]3(F)[C@@H](O)C[C@]2(C)[C@@]1(O)C(=O)CO
DB00591,549,CC1(C)O[C@@H]2C[C@H]3[C@@H]4C[C@H](F)C5=CC(=O)C=C[C@]5(C)[C@@]4(F)[C@@H](O)C[C@]3(C)[C@]2(C(=O)CO)O1
DB00596,550,C[C@H]1C[C@H]2[C@@H]3C[C@H](F)C4=CC(=O)C=C[C@]4(C)[C@@]3(F)[C@@H](O)C[C@]2(C)[C@@]1(O)C(=O)CCl
DB00620,551,C[C@]12C[C@H](O)[C@@]3(F)[C@@H](CCC4=CC(=O)C=C[C@@]43C)[C@@H]1C[C@@H](O)[C@]2(O)C(=O)CO
DB00635,552,C[C@]12CC(=O)[C@H]3[C@@H](CCC4=CC(=O)C=C[C@@]43C)[C@@H]1CC[C@]2(O)C(=O)CO
DB00663,553,C[C@@H]1C[C@H]2[C@@H]3C[C@H](F)C4=CC(=O)C=C[C@]4(C)[C@@]3(F)[C@@H](O)C[C@]2(C)[C@@]1(O)C(=O)CO
DB00860,554,C[C@]12C[C@H](O)[C@H]3[C@@H](CCC4=CC(=O)C=C[C@@]43C)[C@@H]1CC[C@]2(O)C(=O)CO
DB00959,555,C[C@H]1C[C@H]2[C@@H]3CC[C@](O)(C(=O)CO)[C@@]3(C)C[C@H](O)[C@@H]2[C@@]2(C)C=CC(=O)C=C12
DB01013,556,CCC(=O)O[C@]1(C(=O)CCl)[C@@H](C)C[C@H]2[C@@H]3CCC4=CC(=O)C=C[C@]4(C)[C@@]3(F)[C@@H](O)C[C@@]21C
DB01047,557,CC(=O)OCC(=O)[C@@]12OC(C)(C)O[C@@H]1C[C@H]1[C@@H]3C[C@H](F)C4=CC(=O)C=C[C@]4(C)[C@@]3(F)[C@@H](O)C[C@@]12C
DB01222,558,CCCC1O[C@@H]2C[C@H]3[C@@H]4CCC5=CC(=O)C=C[C@]5(C)[C@H]4[C@@H](O)C[C@]3(C)[C@]2(C(=O)CO)O1
DB01260,559,CC1(C)O[C@@H]2C[C@H]3[C@@H]4CCC5=CC(=O)C=C[C@]5(C)[C@H]4[C@@H](O)C[C@]3(C)[C@]2(C(=O)CO)O1
DB01380,560,CC(=O)OCC(=O)[C@@]1(O)CC[C@H]2[C@@H]3CCC4=CC(=O)CC[C@]4(C)[C@H]3C(=O)C[C@@]21C
DB06781,561,CCCC(=O)O[C@]1(C(=O)COC(C)=O)CC[C@H]2[C@@H]3C[C@H](F)C4=CC(=O)C=C[C@]4(C)[C@@]3(F)[C@@H](O)C[C@@]21C
DB00260,562,N[C@@H]1CONC1=O
DB00284,563,C[C@H]1O[C@H](O[C@@H]2[C@@H](CO)O[C@H](O[C@H]([C@H](O)CO)[C@H](O)[C@@H](O)C=O)[C@H](O)[C@H]2O)[C@H](O)[C@@H](O)[C@@H]1N[C@H]1C=C(CO)[C@@H](O)[C@H](O)[C@H]1O
DB00491,564,OCCN1C[C@H](O)[C@@H](O)[C@H](O)[C@H]1CO
DB04878,565,OCC(CO)N[C@H]1C[C@](O)(CO)[C@@H](O)[C@H](O)[C@H]1O
DB04751,566,CC(C)[C@H](CO)Nc1nc(Nc2cccc(Cl)c2)c2ncn(C(C)C)c2n1
DB08052,567,Nc1ncnc2c1c(-c1cnc3[nH]ccc3c1)nn2C1CCCC1
DB01273,568,c1cnc2cc3c(cc2n1)C1CNCC3C1
DB01261,569,N[C@@H](CC(=O)N1CCn2c(nnc2C(F)(F)F)C1)Cc1cc(F)c(F)cc1F
DB04876,570,N#C[C@@H]1CCCN1C(=O)CNC12CC3CC(CC(O)(C3)C1)C2
DB06335,571,N#C[C@@H]1C[C@@H]2C[C@@H]2N1C(=O)[C@@H](N)C12CC3CC(CC(O)(C3)C1)C2
DB07101,572,O=C(NOC[C@H](O)CO)c1ccc(F)c(F)c1Nc1ccc(I)cc1F
DB00928,573,Nc1ncn([C@@H]2O[C@H](CO)[C@@H](O)[C@H]2O)c(=O)n1
DB01262,574,Nc1ncn([C@H]2C[C@H](O)[C@@H](CO)O2)c(=O)n1
DB00848,575,c1ccc([C@H]2CN3CCSC3=N2)cc1
DB00995,576,CC[P+](CC)(CC)[Au-]S[C@@H]1O[C@H](COC(C)=O)[C@@H](OC(C)=O)[C@H](OC(C)=O)[C@H]1OC(C)=O
DB03793,577,O=C(O)c1ccccc1
DB00626,578,CC[C@H](C)[C@H](N)C1=N[C@H](C(=O)N[C@@H](CC(C)C)C(=O)N[C@H](CCC(=O)O)C(=O)N[C@H](C(=O)N[C@H]2CCCCNC(=O)[C@H](CC(N)=O)NC(=O)[C@@H](CC(=O)O)NC(=O)[C@H](Cc3c[nH]cn3)NC(=O)[C@@H](Cc3ccccc3)NC(=O)[C@H]([C@@H](C)CC)NC(=O)[C@@H](CCCN)NC2=O)[C@@H](C)CC)CS1
DB00198,579,CCOC(=O)C1=C[C@@H](OC(CC)CC)[C@H](NC(C)=O)[C@@H](N)C1
DB06809,580,c1cc(CN2CCCNCCNCCCNCC2)ccc1CN1CCCNCCNCCCNCC1
DB02733,581,CC(C)[C@H](CO)Nc1nc(Nc2ccc(C(=O)O)c(Cl)c2)c2ncn(C(C)C)c2n1
DB00446,582,O=C(N[C@H](CO)[C@H](O)c1ccc([N+](=O)[O-])cc1)C(Cl)Cl
DB01250,583,O=C(O)c1cc(/N=N/c2ccc(O)c(C(=O)O)c2)ccc1O
DB08059,584,COC[C@H]1OC(=O)c2coc3c2[C@@]1(C)C1=C(C3=O)[C@@H]2CCC(=O)[C@@]2(C)C[C@H]1OC(C)=O
DB01045,585,CO[C@H]1/C=C/O[C@@]2(C)Oc3c(C)c(O)c4c(O)c(c(/C=N/N5CCN(C)CC5)c(O)c4c3C2=O)NC(=O)/C(C)=C\C=C\[C@H](C)[C@H](O)[C@@H](C)[C@@H](O)[C@@H](C)[C@H](OC(C)=O)[C@@H]1C
DB01220,586,CO[C@H]1/C=C/O[C@@]2(C)Oc3c(C)c(O)c4c(O)c(c5c(nc6cc(C)ccn65)c4c3C2=O)NC(=O)/C(C)=C\C=C\[C@H](C)[C@H](O)[C@@H](C)[C@@H](O)[C@@H](C)[C@H](OC(C)=O)[C@@H]1C
DB01034,587,C/C=C/C/C=C/CCC(=O)[C@H]1O[C@H]1C(N)=O
DB03419,588,O=c1cc[nH]c(=O)[nH]1
DB04690,589,CC[C@@]1(O)C(=O)OCc2c1cc1n(c2=O)Cc2cc3ccccc3nc2-1
DB01202,590,CC[C@@H](C(N)=O)N1CCCC1=O
DB08162,591,O=S(=O)(c1cccc2cnccc12)N1CCCNCC1
DB08756,592,C[C@@H](N)[C@H]1CC[C@H](C(=O)Nc2ccncc2)CC1
DB03044,593,Cc1ccc(-n2nc(C(C)(C)C)cc2NC(=O)Nc2ccc(OCCN3CCOCC3)c3ccccc23)cc1
DB07941,594,CNC(=O)c1ccc(C)c(-n2c(C)cc(OCc3ccc(F)cc3F)c(Br)c2=O)c1
DB00778,595,CC[C@H]1OC(=O)[C@H](C)[C@@H](O[C@H]2C[C@@](C)(OC)[C@@H](O)[C@H](C)O2)[C@H](C)[C@@H](O[C@@H]2O[C@H](C)C[C@H](N(C)C)[C@H]2O)[C@](C)(O)C[C@@H](C)C(=NOCOCCOC)[C@H](C)[C@@H](O)[C@]1(C)O
DB00847,596,NCCS
DB00535,597,C=CC1=C(C(=O)O)N2C(=O)[C@@H](NC(=O)/C(=N\O)c3csc(N)n3)[C@H]2SC1
DB00759,598,CN(C)[C@@H]1C(O)=C(C(N)=O)C(=O)[C@@]2(O)C(O)=C3C(=O)c4c(O)cccc4[C@@](C)(O)[C@H]3C[C@@H]12
DB00615,599,CO[C@H]1/C=C/O[C@@]2(C)Oc3c(C)c(O)c4c(c3C2=O)C2=NC3(CCN(CC(C)C)CC3)NC2=C(NC(=O)/C(C)=C\C=C\[C@H](C)[C@H](O)[C@@H](C)[C@@H](O)[C@@H](C)[C@H](OC(C)=O)[C@@H]1C)C4=O
DB02424,600,COC1=C2C[C@@H](C)C[C@H](OC)[C@H](O)[C@@H](C)/C=C(\C)[C@H](OC(N)=O)[C@@H](OC)/C=C\C=C(/C)C(=O)NC(=CC1=O)C2=O
DB07594,601,CCc1cc(-c2[nH]nc(C)c2-c2ccc3c(c2)OCCO3)c(O)cc1O
DB07615,602,COc1ccc(/C=C/C(=O)Nc2ccccc2C(=O)O)cc1OC
DB08313,603,COC(=O)Nc1nc2cc(C(=O)c3cccs3)ccc2[nH]1
DB03880,604,CNC(=O)[C@H](Cc1ccccc1)NC(=O)[C@H](CC(C)C)[C@H](CSc1cccs1)C(=O)NO
DB01933,605,CN[C@@H]1C[C@H]2O[C@@](C)([C@@H]1OC)n1c3ccccc3c3c4c(c5c6ccccc6n2c5c31)C(=O)N[C@@H]4O
DB00887,606,CCCCNc1cc(C(=O)O)cc(S(N)(=O)=O)c1Oc1ccccc1
DB08820,607,CC(C)(C)c1cc(C(C)(C)C)c(NC(=O)c2c[nH]c3ccccc3c2=O)cc1O
DB07715,608,Cc1cc(O)c2c(c1)C(=O)c1cc(O)cc(O)c1C2=O
DB08142,609,O=C(NC1CCNCC1)c1n[nH]cc1NC(=O)c1c(Cl)cccc1Cl
DB02789,610,CC(=O)[C@H]1CC[C@H]2[C@@H]3CC=C4C[C@@H](O)CC[C@]4(C)[C@H]3CC[C@]12C
DB02656,611,O=c1cc(N2CCOCC2)oc2c(-c3ccccc3)cccc12
DB04216,612,O=c1c(O)c(-c2ccc(O)c(O)c2)oc2cc(O)cc(O)c12
DB01783,613,CC(C)(CO)[C@@H](O)C(=O)NCCC(=O)O
DB02375,614,O=c1c(O)c(-c2cc(O)c(O)c(O)c2)oc2cc(O)cc(O)c12
DB00518,615,CCCSc1ccc2nc(NC(=O)OC)[nH]c2c1
DB00643,616,COC(=O)Nc1nc2ccc(C(=O)c3ccccc3)cc2[nH]1
DB04845,617,C/C(=C\c1csc(C)n1)[C@@H]1C[C@@H]2O[C@]2(C)CCC[C@H](C)[C@H](O)[C@@H](C)C(=O)C(C)(C)[C@@H](O)CC(=O)N1
DB02097,618,Nc1ccn([C@@H]2O[C@H](CO)[C@@H](O)[C@H]2O)c(=O)n1
DB02546,619,O=C(CCCCCCC(=O)Nc1ccccc1)NO
DB04297,620,CC(/C=C/C(=O)NO)=C\[C@@H](C)C(=O)c1ccc(N(C)C)cc1
DB03424,621,CC(C)C[C@H](NC(=O)[C@@H](O)[C@H](N)Cc1ccccc1)C(=O)O
DB07232,622,C[C@]1(c2nc3cccc(C(N)=O)c3[nH]2)CCCN1
DB06777,623,C[C@H](CCC(=O)O)[C@H]1CC[C@H]2[C@H]3[C@H](CC[C@@]21C)[C@@]1(C)CC[C@@H](O)C[C@H]1C[C@H]3O
DB04331,624,CCOC(=O)C1=C(C)NC(=S)N[C@H]1c1cccc(O)c1
DB03566,625,NCCCCNCCCN
DB04106,626,CCOP(=O)(OCC)[C@@H](C)NC(=O)N(CCCl)N=O
DB00555,627,Nc1nnc(-c2cccc(Cl)c2Cl)c(N)n1
DB00818,628,CC(C)c1cccc(C(C)C)c1O
DB00323,629,Cc1ccc(C(=O)c2cc(O)c(O)c([N+](=O)[O-])c2)cc1
DB00494,630,CCN(CC)C(=O)/C(C#N)=C/c1cc(O)c(O)c([N+](=O)[O-])c1
DB04820,631,O=C(CCNNC(=O)c1ccncc1)NCc1ccccc1
DB00752,632,NC1CC1c1ccccc1
DB01037,633,C#CCN(C)[C@H](C)Cc1ccccc1
DB01171,634,O=C(NCCN1CCOCC1)c1ccc(Cl)cc1
DB00437,635,Oc1ncnc2[nH]ncc12
DB03841,636,CC(C)(C)COc1ccc(-n2cc(C(=O)O)cn2)cc1C#N
DB07795,637,O=c1c(O)c(-c2ccc(O)c(O)c2)oc2cc(O)ccc12
DB00552,638,OC[C@H]1O[C@@H](n2cnc3c2N=CNC[C@H]3O)C[C@@H]1O
DB01590,639,CO[C@H]1C[C@@H]2CC[C@@H](C)[C@@](O)(O2)C(=O)C(=O)N2CCCC[C@H]2C(=O)O[C@H]([C@H](C)C[C@@H]2CC[C@@H](OCCO)[C@H](OC)C2)CC(=O)[C@H](C)/C=C(\C)[C@@H](O)[C@@H](OC)C(=O)[C@H](C)C[C@H](C)/C=C/C=C/C=C/1C
DB06287,640,CO[C@H]1C[C@H]2CC[C@@H](C)[C@@](O)(O2)C(=O)C(=O)N2CCCC[C@H]2C(=O)O[C@H]([C@H](C)C[C@@H]2CC[C@@H](OC(=O)C(C)(CO)CO)[C@H](OC)C2)CC(=O)[C@H](C)/C=C(\C)[C@@H](O)[C@@H](OC)C(=O)[C@H](C)C[C@H](C)/C=C/C=C/C=C/1C
DB04716,641,CC(C)(C)c1nc2c3cc[nH]c(=O)c3c3cc(F)ccc3c2[nH]1
DB00738,642,N=C(N)c1ccc(OCCCCCOc2ccc(C(=N)N)cc2)cc1
DB07348,643,C[C@H]1CCC/C=C/[C@@H]2C[C@H](O)C[C@H]2[C@H](O)/C=C/C(=O)O1
DB00558,644,CC(=O)N[C@@H]1[C@@H](N=C(N)N)C=C(C(=O)O)O[C@H]1[C@H](O)[C@H](O)CO
DB03994,645,NCCO
DB06852,646,O=c1[nH]c2ccc(Cl)cc2c(N[C@@H]2CN3CCC2CC3)c1-c1nc2ccccc2[nH]1
DB04703,647,COc1ccc([C@@H]2CC(=O)c3c(O)cc(O[C@@H]4O[C@H](CO[C@@H]5O[C@@H](C)[C@H](O)[C@@H](O)[C@H]5O)[C@@H](O)[C@H](O)[C@H]4O)cc3O2)cc1O
DB07340,648,c1nc2c(NC3CCCCC3)nc(Nc3ccc(N4CCOCC4)cc3)nc2[nH]1
DB02740,649,O=C(O)CCCc1c[nH]c2ccccc12
DB06733,650,CO/C1=C\C(C)=C\[C@@H](C)[C@@H](O)[C@@H](C)C/C(C)=C/C=C/[C@H](OC)[C@@H]([C@@H](C)[C@@H](O)[C@H](C)[C@@]2(O)C[C@@H](O)[C@H](C)[C@@H](C(C)C)O2)OC1=O
DB00561,651,CCN1CC(CCN2CCOCC2)C(c2ccccc2)(c2ccccc2)C1=O
DB01156,652,CC(NC(C)(C)C)C(=O)c1cccc(Cl)c1
DB01032,653,CCCN(CCC)S(=O)(=O)c1ccc(C(=O)O)cc1
DB01044,654,COc1c(N2CCNC(C)C2)c(F)cc2c(=O)c(C(=O)O)cn(C3CC3)c12
DB02587,655,C=C[C@@]1(C)CC(=O)[C@@]2(O)[C@](C)(O1)[C@@H](OC(C)=O)[C@@H](O)[C@H]1C(C)(C)CC[C@H](O)[C@@]12C
DB07995,656,O=S(=O)(NCCNC/C=C/c1ccc(Br)cc1)c1cccc2cnccc12
DB08568,657,Cc1n[nH]c2ccc(-c3cncc(OC[C@@H](N)Cc4ccccc4)c3)cc12
DB08399,658,Oc1cc(O)cc(/C=C/c2ccc(O)c(O)c2)c1
DB02255,659,CNC(=O)[C@H](Cc1c[nH]c2ccccc12)NC(=O)[C@@H](CC(=O)NO)CC(C)C
DB01206,660,O=NN(CCCl)C(=O)NC1CCCCC1
DB08356,661,COc1ccc(-c2c(-c3ccc(O)cc3O)n[nH]c2C)cc1
DB00176,662,COCCCC/C(=N\OCCN)c1ccc(C(F)(F)F)cc1
DB00194,663,Nc1ncnc2c1ncn2[C@@H]1O[C@H](CO)[C@@H](O)[C@@H]1O
DB00196,664,OC(Cn1cncn1)(Cn1cncn1)c1ccc(F)cc1F
DB00213,665,COc1ccnc(CS(=O)c2nc3ccc(OC(F)F)cc3[nH]2)c1OC
DB00215,666,CN(C)CCCC1(c2ccc(F)cc2)OCc2cc(C#N)ccc21
DB00234,667,CCOc1ccccc1O[C@H](c1ccccc1)[C@H]1CNCCO1
DB00249,668,O=c1[nH]c(=O)n([C@H]2C[C@H](O)[C@@H](CO)O2)cc1I
DB00259,669,Nc1ccc(S(N)(=O)=O)cc1
DB00285,670,COc1ccc(C(CN(C)C)C2(O)CCCCC2)cc1
DB00289,671,CNCC[C@@H](Oc1ccccc1C)c1ccccc1
DB00325,672,N#C[Fe-2](C#N)(C#N)(C#N)(C#N)N=O
DB00338,673,COc1ccc2nc(S(=O)Cc3ncc(C)c(OC)c3C)[nH]c2c1
DB00345,674,Nc1ccc(C(=O)NCC(=O)O)cc1
DB00357,675,CCC1(c2ccc(N)cc2)CCC(=O)NC1=O
DB00476,676,CNCC[C@H](Oc1cccc2ccccc12)c1cccs1
DB00478,677,CC(N)C12CC3CC(CC(C3)C1)C2
DB00495,678,Cc1cn([C@H]2C[C@H](N=[N+]=[N-])[C@@H](CO)O2)c(=O)[nH]c1=O
DB00524,679,Cc1ccccc1N1C(=O)c2cc(S(N)(=O)=O)c(Cl)cc2NC1C
DB00549,680,COc1cc(C(=O)NS(=O)(=O)c2ccccc2C)ccc1Cc1cn(C)c2ccc(NC(=O)OC3CCCC3)cc12
DB00553,681,COc1c2occc2cc2ccc(=O)oc12
DB00576,682,Cc1nnc(NS(=O)(=O)c2ccc(N)cc2)s1
DB00582,683,C[C@@H](c1ncncc1F)[C@](O)(Cn1cncn1)c1ccc(F)cc1F
DB00601,684,CC(=O)NC[C@H]1CN(c2ccc(N3CCOCC3)c(F)c2)C(=O)O1
DB00701,685,CC(C)CN(C[C@@H](O)[C@H](Cc1ccccc1)NC(=O)O[C@H]1CCOC1)S(=O)(=O)c1ccc(N)cc1
DB00730,686,c1ccc2[nH]c(-c3cscn3)nc2c1
DB00857,687,CN(C/C=C/C#CC(C)(C)C)Cc1cccc2ccccc12
DB00878,688,N=C(NCCCCCCNC(=N)NC(=N)Nc1ccc(Cl)cc1)NC(=N)Nc1ccc(Cl)cc1
DB00943,689,Nc1ccn([C@H]2CC[C@@H](CO)O2)c(=O)n1
DB01006,690,N#Cc1ccc(C(c2ccc(C#N)cc2)n2cncn2)cc1
DB01007,691,Clc1ccc(C(Cn2ccnc2)OCc2ccsc2Cl)c(Cl)c1
DB01012,692,C[C@@H](NCCCc1cccc(C(F)(F)F)c1)c1cccc2ccccc12
DB01127,693,Clc1ccc(COC(Cn2ccnc2)c2ccc(Cl)cc2Cl)cc1
DB01217,694,CC(C)(C#N)c1cc(Cn2cncn2)cc(C(C)(C)C#N)c1
DB01243,695,Oc1c(Cl)cc(Cl)c2cccnc12
DB01333,696,CC1=C(C(=O)O)N2C(=O)[C@@H](NC(=O)[C@H](N)C3=CCC=CC3)[C@H]2SC1
DB01656,697,O=C(Nc1c(Cl)cncc1Cl)c1ccc(OC(F)F)c(OCC2CC2)c1
DB01718,698,CCCCCCCCCCCCCCCC[N+](C)(C)C
DB02567,699,CSc1cccc(Nc2ncc3cc(-c4c(Cl)cccc4Cl)c(=O)n(C)c3n2)c1
DB03285,700,O=C(/C=C/c1ccc(O)cc1)c1ccc(O)cc1O
DB03467,701,O=C1C[C@@H](c2ccc(O)cc2)Oc2cc(O)cc(O)c21
DB04115,702,COc1ccc2cc3[n+](cc2c1OC)CCc1cc2c(cc1-3)OCO2
DB04665,703,O=c1ccc2ccccc2o1
DB04725,704,CC1(C)Cc2c(-c3ccccc3)c(-c3ccc(Cl)cc3)c(CC(=O)O)n2C1
DB04794,705,c1ccc(-c2ccc(C(c3ccccc3)n3ccnc3)cc2)cc1
DB04835,706,Cc1nnc(C(C)C)n1[C@H]1C[C@@H]2CC[C@H](C1)N2CC[C@H](NC(=O)C1CCC(F)(F)CC1)c1ccccc1
DB04844,707,COc1cc2c(cc1OC)C1CC(=O)C(CC(C)C)CN1CC2
DB04849,708,COc1cc2c(Oc3ccc4[nH]c(C)cc4c3F)ncnc2cc1OCCCN1CCCC1
DB04855,709,CCCCc1oc2ccc(NS(C)(=O)=O)cc2c1C(=O)c1ccc(OCCCN(CCCC)CCCC)cc1
DB04864,710,C/C=C1\[C@H]2C=C(C)C[C@]1(N)c1ccc(=O)[nH]c1C2
DB04873,711,CCCCN1CCC(CNC(=O)c2c3n(c4ccccc24)CCCO3)CC1
DB04879,712,Clc1ccc(Nc2nnc(Cc3ccncc3)c3ccccc23)cc1
DB04881,713,COc1cc2c(cc1OC)CN(CCc1ccc(NC(=O)c3cccc4c(=O)c5cccc(OC)c5[nH]c34)cc1)CC2
DB04896,714,CCN(CC)C(=O)C1(c2ccccc2)CC1CN
DB04905,715,CCN(CC)CCOc1ccc(Cc2ccccc2)cc1
DB04946,716,COc1cc(C(C)=O)ccc1OCCCN1CCC(c2noc3cc(F)ccc23)CC1
DB04953,717,CCOC(=O)Nc1ccc(NCc2ccc(F)cc2)cc1N
DB04960,718,Cn1cncc1[C@@](N)(c1ccc(Cl)cc1)c1ccc2c(c1)c(-c1cccc(Cl)c1)cc(=O)n2C
DB05013,719,C/C=C(/C)C(=O)O[C@H]1C(C)=C[C@]23C(=O)[C@H](C=C(CO)[C@@H](O)[C@]12O)[C@H]1[C@@H](C[C@H]3C)C1(C)C
DB05076,720,CC1=C(/C=C/C(C)=C/C=C/C(C)=C/C(=O)Nc2ccc(O)cc2)C(C)(C)CCC1
DB05294,721,COc1cc2c(Nc3ccc(Br)cc3F)ncnc2cc1OCC1CCN(C)CC1
DB05424,722,C=CC(=O)Nc1cc2c(Nc3ccc(F)c(Cl)c3)ncnc2cc1OCCCN1CCOCC1
DB05448,723,CCC(C)SSc1ncc[nH]1
DB05465,724,COc1cc2c(N3CCN(C(=O)Nc4ccc(OC(C)C)cc4)CC3)ncnc2cc1OCCCN1CCCCC1
DB05812,725,C[C@]12CC[C@H]3[C@@H](CC=C4C[C@@H](O)CC[C@@]43C)[C@@H]1CC=C2c1cccnc1
DB06203,726,Cn1c(=O)cc(N2CCC[C@@H](N)C2)n(Cc2ccccc2C#N)c1=O
DB06207,727,C[C@H](Cc1cc2c(c(C(N)=O)c1)N(CCCO)CC2)NCCOc1ccccc1OCC(F)(F)F
DB06216,728,CN1CC2c3ccccc3Oc3ccc(Cl)cc3C2C1
DB06218,729,COC[C@@H](NC(C)=O)C(=O)NCc1ccccc1
DB06292,730,CCOc1ccc(Cc2cc([C@@H]3O[C@H](CO)[C@@H](O)[C@H](O)[C@H]3O)ccc2Cl)cc1
DB06589,731,Cc1ccc(Nc2nccc(N(C)c3ccc4c(C)n(C)nc4c3)n2)cc1S(N)(=O)=O
DB06605,732,COc1ccc(-n2nc(C(N)=O)c3c2C(=O)N(c2ccc(N4CCCCC4=O)cc2)CC3)cc1
DB06616,733,COc1cc(Nc2c(C#N)cnc3cc(OCCCN4CCN(C)CC4)c(OC)cc23)c(Cl)cc1Cl
DB06700,734,CN(C)CC(c1ccc(O)cc1)C1(O)CCCCC1
DB06729,735,Nc1ccc(S(=O)(=O)Nc2ccnn2-c2ccccc2)cc1
DB06743,736,C[C@@H]1C(=O)O[C@H]2C[C@@]34[C@H]5C[C@@H](C(C)(C)C)[C@]36[C@@H](OC(=O)[C@@H]6O)O[C@@]4(C(=O)O5)[C@]21O
DB06813,737,C#CCC(Cc1cnc2nc(N)nc(N)c2n1)c1ccc(C(=O)N[C@@H](CCC(=O)O)C(=O)O)cc1
DB06817,738,Cc1nnc(C(=O)NC(C)(C)c2nc(C(=O)NCc3ccc(F)cc3)c(O)c(=O)n2C)o1
DB07352,739,O=c1cc(-c2ccc(O)cc2)oc2cc(O)cc(O)c12
DB07767,740,COc1cc(/C=C/C(=O)O)ccc1O
DB07810,741,O=C(CCc1ccc(O)cc1)c1c(O)cc(O)cc1O
DB08079,742,COc1ccc2c(OCc3nnc4ccc(-c5ccccc5)nn34)ccnc2c1
DB08828,743,CS(=O)(=O)c1ccc(C(=O)Nc2ccc(Cl)c(-c3ccccn3)c2)c(Cl)c1
DB08860,744,O=C(O)C[C@H](O)C[C@H](O)/C=C/c1c(C2CC2)nc2ccccc2c1-c1ccc(F)cc1
DB08868,745,CCCCCCCCc1ccc(CCC(N)(CO)CO)cc1
DB08877,746,N#CC[C@H](C1CCCC1)n1cc(-c2ncnc3[nH]ccc23)cn1
DB08878,747,Nc1nc(N)c2nc(CNc3ccc(C(=O)N[C@@H](CCC(=O)O)C(=O)O)cc3)cnc2n1
DB08881,748,CCCS(=O)(=O)Nc1ccc(F)c(C(=O)c2c[nH]c3ncc(-c4ccc(Cl)cc4)cc23)c1F
DB08882,749,CC#CCn1c(N2CCC[C@@H](N)C2)nc2c1c(=O)n(Cc1nc(C)c3ccccc3n1)c(=O)n2C
DB08893,750,Nc1nc(CC(=O)Nc2ccc(CCNC[C@H](O)c3ccccc3)cc2)cs1
DB08896,751,CNC(=O)c1cc(Oc2ccc(NC(=O)Nc3ccc(Cl)c(C(F)(F)F)c3)c(F)c2)ccn1
DB08897,752,O=C(O[C@H]1C[N+]2(CCCOc3ccccc3)CCC1CC2)C(O)(c1cccs1)c1cccs1
DB08899,753,CNC(=O)c1ccc(N2C(=S)N(c3ccc(C#N)c(C(F)(F)F)c3)C(=O)C2(C)C)cc1F
DB08901,754,Cc1ccc(C(=O)Nc2ccc(CN3CCN(C)CC3)c(C(F)(F)F)c2)cc1C#Cc1cnc2cccnn12
DB08905,755,C[C@]12CC[C@H]3[C@@H](CCC4=C(O)C(=O)CC[C@@]43C)[C@@H]1CCC2=O
DB08916,756,CN(C)C/C=C/C(=O)Nc1cc2c(Nc3ccc(F)c(Cl)c3)ncnc2cc1O[C@H]1CCOC1
DB08932,757,CCCNS(=O)(=O)Nc1ncnc(OCCOc2ncc(Br)cn2)c1-c1ccc(Br)cc1
DB08943,758,Clc1ccc(C(Cn2ccnc2)OCc2c(Cl)cccc2Cl)c(Cl)c1
DB08954,759,CC(C(O)c1ccc(O)cc1)N1CCC(Cc2ccccc2)CC1
DB09028,760,O=c1cccc2n1C[C@@H]1CNC[C@H]2C1
DB05381,761,NCCc1c[nH]cn1
DB08846,762,O=c1oc2c(O)c(O)cc3c(=O)oc4c(O)c(O)cc1c4c23
DB08865,763,C[C@@H](Oc1cc(-c2cnn(C3CCNCC3)c2)cnc1N)c1c(Cl)ccc(F)c1Cl
